date,RaceData01_time,area,race_no,umaban,horse_name,y_pred_value,y_pred_rank,odds_2,y_pred_value_race_rank,race_id
2022-11-13,09:50発走,福島,1,13,オボッチャマ,69.38527955723161,1.0,5.9,3.0,202203030401
2022-11-13,09:50発走,福島,1,7,サグアロ,67.8351396613997,2.0,2.4,3.0,202203030401
2022-11-13,09:50発走,福島,1,2,キョウエイルーマー,58.27694329116083,3.0,11.0,3.0,202203030401
2022-11-13,09:50発走,福島,1,11,マイネルボンバー,57.69347697023915,4.0,18.4,3.0,202203030401
2022-11-13,09:50発走,福島,1,15,オールアルミュール,54.28777311966884,5.0,12.7,3.0,202203030401
2022-11-13,09:50発走,福島,1,4,スタボーンイメル,51.39917292923444,6.0,7.1,3.0,202203030401
2022-11-13,09:50発走,福島,1,3,スーパームーン,49.92714789006505,7.0,35.9,3.0,202203030401
2022-11-13,09:50発走,福島,1,8,ニホンピロビート,47.3436039232904,8.0,74.9,3.0,202203030401
2022-11-13,09:50発走,福島,1,10,クラウンローゼン,44.555393454862,9.0,25.7,3.0,202203030401
2022-11-13,09:50発走,福島,1,5,ニホンピロフリード,43.936798993967244,10.0,71.8,3.0,202203030401
2022-11-13,09:50発走,福島,1,6,ウイキャンファイト,42.882579411016906,11.0,105.5,3.0,202203030401
2022-11-13,09:50発走,福島,1,9,カーターテソーロ,41.50237280672074,12.0,26.3,3.0,202203030401
2022-11-13,09:50発走,福島,1,1,バトルレジェンダ,41.4175920316092,13.0,24.4,3.0,202203030401
2022-11-13,09:50発走,福島,1,14,クリノトンイ,40.589413454440525,14.0,65.3,3.0,202203030401
2022-11-13,09:50発走,福島,1,12,イズミアマゾネス,38.96731250509282,15.0,17.7,3.0,202203030401
2022-11-13,10:15発走,福島,2,15,スノーファンタジー,68.19955219211776,1.0,14.8,4.0,202203030402
2022-11-13,10:15発走,福島,2,12,サヴォーナ,65.31609091370865,2.0,3.4,4.0,202203030402
2022-11-13,10:15発走,福島,2,2,ハイアーレルム,60.580427298999744,3.0,3.0,4.0,202203030402
2022-11-13,10:15発走,福島,2,9,フェスティヴチャン,54.67876892721019,4.0,36.7,4.0,202203030402
2022-11-13,10:15発走,福島,2,5,デルマオクリダシ,53.719281059604995,5.0,53.8,4.0,202203030402
2022-11-13,10:15発走,福島,2,8,フジブルーダイヤ,53.121214159107275,6.0,37.1,4.0,202203030402
2022-11-13,10:15発走,福島,2,3,カブキチョウ,51.566026092726574,7.0,34.1,4.0,202203030402
2022-11-13,10:15発走,福島,2,16,ライジングホープ,51.39863239127651,8.0,9.8,4.0,202203030402
2022-11-13,10:15発走,福島,2,1,ピエナナイスガイ,49.79445201900974,9.0,13.8,4.0,202203030402
2022-11-13,10:15発走,福島,2,10,エーレウォーン,48.13186759762156,10.0,19.1,4.0,202203030402
2022-11-13,10:15発走,福島,2,11,グレイトインディ,43.952453371344546,11.0,80.4,4.0,202203030402
2022-11-13,10:15発走,福島,2,14,レッドヴァジュラ,43.662802537150625,12.0,13.3,4.0,202203030402
2022-11-13,10:15発走,福島,2,7,スマッシュキング,43.26324307173256,13.0,45.2,4.0,202203030402
2022-11-13,10:15発走,福島,2,4,デイジーロック,42.20198605925408,14.0,25.5,4.0,202203030402
2022-11-13,10:15発走,福島,2,13,ティトルタトル,35.95953910093064,15.0,109.5,4.0,202203030402
2022-11-13,10:15発走,福島,2,6,カズキ,34.45366320820408,16.0,58.6,4.0,202203030402
2022-11-13,10:40発走,福島,3,11,ブランアルディ,73.94665415330002,1.0,5.0,1.0,202203030403
2022-11-13,10:40発走,福島,3,13,ウィズザワールド,61.4419402485901,2.0,16.9,1.0,202203030403
2022-11-13,10:40発走,福島,3,6,ドローム,53.35562203411597,3.0,13.7,1.0,202203030403
2022-11-13,10:40発走,福島,3,3,フォーランマリア,52.218163874209225,4.0,9.7,1.0,202203030403
2022-11-13,10:40発走,福島,3,12,ラッキーミーティア,51.50434608126244,5.0,20.4,1.0,202203030403
2022-11-13,10:40発走,福島,3,2,リキサンハート,50.99563140796781,6.0,16.3,1.0,202203030403
2022-11-13,10:40発走,福島,3,10,リゴレット,50.78189084884799,7.0,6.9,1.0,202203030403
2022-11-13,10:40発走,福島,3,14,ビクトリアバローズ,49.27207877381783,8.0,6.6,1.0,202203030403
2022-11-13,10:40発走,福島,3,7,フミチャン,48.49563485425465,9.0,18.3,1.0,202203030403
2022-11-13,10:40発走,福島,3,5,キガサ,46.435113993014824,10.0,9.6,1.0,202203030403
2022-11-13,10:40発走,福島,3,4,トレッファー,46.18538870209952,11.0,37.0,1.0,202203030403
2022-11-13,10:40発走,福島,3,1,キュン,46.047997155735814,12.0,16.5,1.0,202203030403
2022-11-13,10:40発走,福島,3,8,グレースブロード,41.4988847264039,13.0,33.7,1.0,202203030403
2022-11-13,10:40発走,福島,3,9,ラブロッソー,40.30476229695708,14.0,51.8,1.0,202203030403
2022-11-13,10:40発走,福島,3,15,カンパニュール,37.51589084942303,15.0,8.5,1.0,202203030403
2022-11-13,12:35発走,福島,6,11,ウインアウォード,63.91507989767996,1.0,3.3,7.0,202203030406
2022-11-13,12:35発走,福島,6,7,モディカ,61.74812703509616,2.0,3.7,7.0,202203030406
2022-11-13,12:35発走,福島,6,2,ハイラブハンター,60.33337348489651,3.0,8.8,7.0,202203030406
2022-11-13,12:35発走,福島,6,6,エアフォースワン,57.93407731169513,4.0,17.2,7.0,202203030406
2022-11-13,12:35発走,福島,6,10,スプレッドアウト,55.615491156764804,5.0,7.1,7.0,202203030406
2022-11-13,12:35発走,福島,6,4,トップスターサン,54.144763486079924,6.0,11.8,7.0,202203030406
2022-11-13,12:35発走,福島,6,14,フェズカズマ,51.1446778446768,7.0,20.4,7.0,202203030406
2022-11-13,12:35発走,福島,6,8,スパーダネーラ,48.212199085627276,8.0,103.9,7.0,202203030406
2022-11-13,12:35発走,福島,6,3,ファンジオ,47.74401226192195,9.0,18.2,7.0,202203030406
2022-11-13,12:35発走,福島,6,1,セイカフォルゴーレ,47.67689924938479,10.0,27.7,7.0,202203030406
2022-11-13,12:35発走,福島,6,12,ホウオウヴォーヌ,47.34444923122719,11.0,26.4,7.0,202203030406
2022-11-13,12:35発走,福島,6,5,アドバンスドリーム,43.46325075936268,12.0,83.9,7.0,202203030406
2022-11-13,12:35発走,福島,6,15,ワンダフルヘヴン,40.859633624356164,13.0,25.8,7.0,202203030406
2022-11-13,12:35発走,福島,6,9,セイハロートゥユー,40.269363861286195,14.0,37.3,7.0,202203030406
2022-11-13,12:35発走,福島,6,13,サウンドキングダム,29.594601709943966,15.0,39.8,7.0,202203030406
2022-11-13,13:05発走,福島,7,4,シャウビンダー,63.91187205760815,1.0,20.5,8.0,202203030407
2022-11-13,13:05発走,福島,7,1,プルサティーラ,63.097175362437305,2.0,11.0,8.0,202203030407
2022-11-13,13:05発走,福島,7,9,フリートオブフット,59.58550674442284,3.0,4.6,8.0,202203030407
2022-11-13,13:05発走,福島,7,7,シタン,59.320713940810585,4.0,7.0,8.0,202203030407
2022-11-13,13:05発走,福島,7,10,アキバ,57.48095772575459,5.0,14.0,8.0,202203030407
2022-11-13,13:05発走,福島,7,2,クインズコスモス,56.36345557881189,6.0,17.3,8.0,202203030407
2022-11-13,13:05発走,福島,7,11,ラヴォルタ,55.57774952517878,7.0,10.4,8.0,202203030407
2022-11-13,13:05発走,福島,7,12,クランシリーニー,47.33645636072248,8.0,13.9,8.0,202203030407
2022-11-13,13:05発走,福島,7,14,テンメジャーガール,47.199118634232136,9.0,7.4,8.0,202203030407
2022-11-13,13:05発走,福島,7,13,スマイルアップ,46.80582567087832,10.0,41.7,8.0,202203030407
2022-11-13,13:05発走,福島,7,3,エターナルハート,45.35975647778833,11.0,7.6,8.0,202203030407
2022-11-13,13:05発走,福島,7,15,チカリヨン,44.87194030167292,12.0,23.0,8.0,202203030407
2022-11-13,13:05発走,福島,7,8,ピュリフィアン,42.22332943549124,13.0,29.8,8.0,202203030407
2022-11-13,13:05発走,福島,7,5,モズゴールドメダル,40.333960358016,14.0,15.2,8.0,202203030407
2022-11-13,13:05発走,福島,7,6,アトムヴェローチェ,38.8918961714314,15.0,130.8,8.0,202203030407
2022-11-13,13:05発走,福島,7,16,エルメーム,31.640285654744762,16.0,58.2,8.0,202203030407
2022-11-13,13:35発走,福島,8,9,レイトカンセイオー,66.99941035819052,1.0,19.6,6.0,202203030408
2022-11-13,13:35発走,福島,8,13,アウサンガテ,65.96306666836735,2.0,7.8,6.0,202203030408
2022-11-13,13:35発走,福島,8,10,ディープレイヤー,58.4584960859342,3.0,4.4,6.0,202203030408
2022-11-13,13:35発走,福島,8,3,パトリックハンサム,58.365429063339896,4.0,20.6,6.0,202203030408
2022-11-13,13:35発走,福島,8,1,マッハモンルード,55.944076376311074,5.0,7.5,6.0,202203030408
2022-11-13,13:35発走,福島,8,14,パーサヴィアランス,55.47181371810244,6.0,20.3,6.0,202203030408
2022-11-13,13:35発走,福島,8,5,メロウヴォイス,49.236199435328146,7.0,40.4,6.0,202203030408
2022-11-13,13:35発走,福島,8,12,ケンハービンジャー,47.95637737925671,8.0,27.0,6.0,202203030408
2022-11-13,13:35発走,福島,8,8,デルマアシュラ,47.09789416738533,9.0,5.6,6.0,202203030408
2022-11-13,13:35発走,福島,8,2,アランヴェリテ,45.87155737928842,10.0,8.8,6.0,202203030408
2022-11-13,13:35発走,福島,8,11,トーセンクレセント,45.7492030849931,11.0,29.1,6.0,202203030408
2022-11-13,13:35発走,福島,8,15,エクラノーブル,43.89028839694318,12.0,18.3,6.0,202203030408
2022-11-13,13:35発走,福島,8,16,ウインアステロイド,42.77187848357974,13.0,15.2,6.0,202203030408
2022-11-13,13:35発走,福島,8,7,ヴィルトゥオシタ,41.29549162621338,14.0,18.6,6.0,202203030408
2022-11-13,13:35発走,福島,8,4,ヨンウォニ,41.131934881874024,15.0,58.0,6.0,202203030408
2022-11-13,13:35発走,福島,8,6,レッドアダン,33.79688289489182,16.0,23.0,6.0,202203030408
2022-11-13,14:05発走,福島,9,9,レイカットスルー,69.57102981216795,1.0,6.5,2.0,202203030409
2022-11-13,14:05発走,福島,9,15,ミネヒメ,61.738339642894886,2.0,25.3,2.0,202203030409
2022-11-13,14:05発走,福島,9,1,イコサン,61.34002085557002,3.0,7.0,2.0,202203030409
2022-11-13,14:05発走,福島,9,3,モンサンスヴニール,55.79084976527925,4.0,17.1,2.0,202203030409
2022-11-13,14:05発走,福島,9,14,ナックブレイブ,55.1066380425959,5.0,25.9,2.0,202203030409
2022-11-13,14:05発走,福島,9,11,クールムーア,53.94960446910767,6.0,8.6,2.0,202203030409
2022-11-13,14:05発走,福島,9,13,ブラウンウェーブ,51.27181657396581,7.0,41.3,2.0,202203030409
2022-11-13,14:05発走,福島,9,4,ビッグシーザー,49.78794759153635,8.0,3.8,2.0,202203030409
2022-11-13,14:05発走,福島,9,6,スプレモフレイバー,46.67629537209571,9.0,10.0,2.0,202203030409
2022-11-13,14:05発走,福島,9,16,アウクソー,45.870408618030055,10.0,20.2,2.0,202203030409
2022-11-13,14:05発走,福島,9,12,クリノゴッホ,44.69378789130921,11.0,38.4,2.0,202203030409
2022-11-13,14:05発走,福島,9,5,ゴールデンウィンド,43.850158550823664,12.0,9.6,2.0,202203030409
2022-11-13,14:05発走,福島,9,10,メイショウカゼマチ,42.90443754425088,13.0,46.3,2.0,202203030409
2022-11-13,14:05発走,福島,9,8,ハンデンリリー,41.97534812615008,14.0,81.4,2.0,202203030409
2022-11-13,14:05発走,福島,9,2,ニーナブランド,41.756694192612585,15.0,58.3,2.0,202203030409
2022-11-13,14:05発走,福島,9,7,セイウンスイート,33.71662295160908,16.0,45.5,2.0,202203030409
2022-11-13,14:40発走,福島,10,4,ハイエストポイント,68.0458064311697,1.0,4.5,5.0,202203030410
2022-11-13,14:40発走,福島,10,10,ポピュラーソング,62.76687097095539,2.0,43.0,5.0,202203030410
2022-11-13,14:40発走,福島,10,11,タイキドミニオン,62.62782893522329,3.0,5.3,5.0,202203030410
2022-11-13,14:40発走,福島,10,7,モントブレッチア,54.67645253330772,4.0,7.1,5.0,202203030410
2022-11-13,14:40発走,福島,10,15,ビーアイオラクル,52.71083850577163,5.0,13.6,5.0,202203030410
2022-11-13,14:40発走,福島,10,1,タケルジャック,51.35491580063197,6.0,41.0,5.0,202203030410
2022-11-13,14:40発走,福島,10,5,コスモセイリュウ,49.690681343688496,7.0,8.7,5.0,202203030410
2022-11-13,14:40発走,福島,10,6,バルサミックムーン,49.205509479876895,8.0,29.6,5.0,202203030410
2022-11-13,14:40発走,福島,10,12,シンヨモギネス,48.782352646176136,9.0,14.8,5.0,202203030410
2022-11-13,14:40発走,福島,10,9,インナーアリュール,48.05239765065718,10.0,23.9,5.0,202203030410
2022-11-13,14:40発走,福島,10,3,ユウゲン,46.34934331535569,11.0,6.9,5.0,202203030410
2022-11-13,14:40発走,福島,10,14,ランスルー,42.564722292146286,12.0,15.5,5.0,202203030410
2022-11-13,14:40発走,福島,10,2,ペイシャオウユー,40.437618456071704,13.0,13.6,5.0,202203030410
2022-11-13,14:40発走,福島,10,13,ホウオウジャッジ,36.399922471741434,14.0,51.0,5.0,202203030410
2022-11-13,14:40発走,福島,10,8,ジーマックス,36.334739167226495,15.0,39.8,5.0,202203030410
2022-11-13,15:20発走,福島,11,3,パトリック,62.10807522782045,1.0,999.0,9.0,202203030411
2022-11-13,15:20発走,福島,11,7,サトノセシル,60.616405745125725,2.0,999.0,9.0,202203030411
2022-11-13,15:20発走,福島,11,12,オニャンコポン,60.18087103963798,3.0,999.0,9.0,202203030411
2022-11-13,15:20発走,福島,11,11,エフェクトオン,59.4663438580656,4.0,999.0,9.0,202203030411
2022-11-13,15:20発走,福島,11,14,ゴールドスミス,56.92098833677919,5.0,999.0,9.0,202203030411
2022-11-13,15:20発走,福島,11,8,ベレヌス,53.40072029792492,6.0,999.0,9.0,202203030411
2022-11-13,15:20発走,福島,11,4,カテドラル,50.79635053695519,7.0,999.0,9.0,202203030411
2022-11-13,15:20発走,福島,11,1,アラタ,50.65419969054767,8.0,999.0,9.0,202203030411
2022-11-13,15:20発走,福島,11,13,サトノエルドール,50.593268077397205,9.0,999.0,9.0,202203030411
2022-11-13,15:20発走,福島,11,9,フィオリキアリ,44.99007665231035,10.0,999.0,9.0,202203030411
2022-11-13,15:20発走,福島,11,6,フォワードアゲン,44.89234383193096,11.0,999.0,9.0,202203030411
2022-11-13,15:20発走,福島,11,2,ユニコーンライオン,43.194774476720696,12.0,999.0,9.0,202203030411
2022-11-13,15:20発走,福島,11,15,シャムロックヒル,42.6821714172908,13.0,999.0,9.0,202203030411
2022-11-13,15:20発走,福島,11,16,ヴァンケドミンゴ,40.91718176461353,14.0,999.0,9.0,202203030411
2022-11-13,15:20発走,福島,11,5,コスモカレンドゥラ,39.7954775004265,15.0,999.0,9.0,202203030411
2022-11-13,15:20発走,福島,11,10,ロザムール,38.790751546452086,16.0,999.0,9.0,202203030411
2022-11-13,15:55発走,福島,12,1,ザアトム,61.857203854252816,1.0,8.5,10.0,202203030412
2022-11-13,15:55発走,福島,12,5,ユウグロスファクタ,61.83903399002074,2.0,8.4,10.0,202203030412
2022-11-13,15:55発走,福島,12,10,ドリームアゲイン,58.168795359961564,3.0,3.1,10.0,202203030412
2022-11-13,15:55発走,福島,12,15,キリシマタウン,57.32370524434971,4.0,14.8,10.0,202203030412
2022-11-13,15:55発走,福島,12,16,ゲンパチレオニダス,56.14328970236119,5.0,5.5,10.0,202203030412
2022-11-13,15:55発走,福島,12,4,ルールシェーバー,55.00998546949792,6.0,24.9,10.0,202203030412
2022-11-13,15:55発走,福島,12,7,ベアグッジョブ,54.34857286995056,7.0,35.1,10.0,202203030412
2022-11-13,15:55発走,福島,12,6,サンダビューク,54.23636635494458,8.0,11.1,10.0,202203030412
2022-11-13,15:55発走,福島,12,8,サンフィニティ,52.44355481473302,9.0,11.8,10.0,202203030412
2022-11-13,15:55発走,福島,12,12,シュロス,50.462329402642226,10.0,32.7,10.0,202203030412
2022-11-13,15:55発走,福島,12,14,ローズファラオ,45.36560889609436,11.0,95.3,10.0,202203030412
2022-11-13,15:55発走,福島,12,9,サンマルシップ,41.899851460738645,12.0,71.9,10.0,202203030412
2022-11-13,15:55発走,福島,12,11,サノカポ,41.63833388628212,13.0,47.1,10.0,202203030412
2022-11-13,15:55発走,福島,12,13,フタミジョウワ,39.23123924484471,14.0,18.7,10.0,202203030412
2022-11-13,15:55発走,福島,12,2,ギンノアメガフル,38.91455576642228,15.0,45.7,10.0,202203030412
2022-11-13,15:55発走,福島,12,3,クリノスパークル,31.11757368290276,16.0,18.5,10.0,202203030412
2022-11-13,09:55発走,東京,1,12,ハルオーブ,75.79833814148625,1.0,2.9,1.0,202205050401
2022-11-13,09:55発走,東京,1,9,サイタブラウン,66.67572512717763,2.0,4.5,1.0,202205050401
2022-11-13,09:55発走,東京,1,16,カウノスライト,55.35258689748224,3.0,7.3,1.0,202205050401
2022-11-13,09:55発走,東京,1,13,テンコマンドゥール,54.27484459425757,4.0,12.6,1.0,202205050401
2022-11-13,09:55発走,東京,1,4,アンプレッセシチー,51.8455993004078,5.0,18.3,1.0,202205050401
2022-11-13,09:55発走,東京,1,7,ダズリングスカイ,50.01262715163004,6.0,8.3,1.0,202205050401
2022-11-13,09:55発走,東京,1,3,タケウチリッキー,48.969995217737136,7.0,20.0,1.0,202205050401
2022-11-13,09:55発走,東京,1,6,シェイクオンイット,48.17317674470202,8.0,44.2,1.0,202205050401
2022-11-13,09:55発走,東京,1,14,フロストシティ,47.27572267878176,9.0,23.6,1.0,202205050401
2022-11-13,09:55発走,東京,1,10,ファーレンジョー,46.657584451098,10.0,103.3,1.0,202205050401
2022-11-13,09:55発走,東京,1,1,ダイユウサンテ,45.9548263143211,11.0,118.5,1.0,202205050401
2022-11-13,09:55発走,東京,1,5,ショウナンアシベ,44.98013837572035,12.0,13.3,1.0,202205050401
2022-11-13,09:55発走,東京,1,8,ラージフィールド,44.78713322426782,13.0,83.4,1.0,202205050401
2022-11-13,09:55発走,東京,1,11,チーフインザスカイ,41.875662771225464,14.0,134.8,1.0,202205050401
2022-11-13,09:55発走,東京,1,2,スターオブエース,39.869516484374344,15.0,95.4,1.0,202205050401
2022-11-13,09:55発走,東京,1,15,フレンドローズ,37.496522525330974,16.0,152.5,1.0,202205050401
2022-11-13,10:50発走,東京,3,12,アルマロクザン,71.04532882107354,1.0,18.1,2.0,202205050403
2022-11-13,10:50発走,東京,3,9,トーセンローリエ,70.93562512262203,2.0,1.4,2.0,202205050403
2022-11-13,10:50発走,東京,3,11,サクラトップクリス,58.592825047342295,3.0,8.2,2.0,202205050403
2022-11-13,10:50発走,東京,3,3,セイカパルナッソス,54.88278935819237,4.0,100.5,2.0,202205050403
2022-11-13,10:50発走,東京,3,16,ドナルビー,51.31488201401573,5.0,29.2,2.0,202205050403
2022-11-13,10:50発走,東京,3,10,ネザーランドリマ,50.728665361294254,6.0,27.6,2.0,202205050403
2022-11-13,10:50発走,東京,3,2,ダンシングハピリー,50.54325636187666,7.0,90.7,2.0,202205050403
2022-11-13,10:50発走,東京,3,1,ポッピングシャワー,50.52945590739314,8.0,47.4,2.0,202205050403
2022-11-13,10:50発走,東京,3,7,トロピカルライト,47.577397727311194,9.0,65.7,2.0,202205050403
2022-11-13,10:50発走,東京,3,13,メローラ,47.159534560571416,10.0,63.6,2.0,202205050403
2022-11-13,10:50発走,東京,3,4,イルルージュ,46.679951715267805,11.0,62.1,2.0,202205050403
2022-11-13,10:50発走,東京,3,5,ビップナージャ,46.14524929187799,12.0,64.9,2.0,202205050403
2022-11-13,10:50発走,東京,3,6,ピアブルー,43.18913751150558,13.0,134.9,2.0,202205050403
2022-11-13,10:50発走,東京,3,17,パダノベネタ,42.95276313878061,14.0,138.5,2.0,202205050403
2022-11-13,10:50発走,東京,3,15,アリーチェ,41.33184571379073,15.0,19.4,2.0,202205050403
2022-11-13,10:50発走,東京,3,8,ノーブルブラッド,40.01928531593417,16.0,197.3,2.0,202205050403
2022-11-13,10:50発走,東京,3,14,ウィットサンデー,36.372007031149096,17.0,8.8,2.0,202205050403
2022-11-13,13:45発走,東京,8,6,プレシオーソ,63.44915263690592,1.0,13.0,6.0,202205050408
2022-11-13,13:45発走,東京,8,1,ホワイトガーベラ,63.34599534318724,2.0,4.8,6.0,202205050408
2022-11-13,13:45発走,東京,8,15,アルファマム,60.18306588921347,3.0,2.4,6.0,202205050408
2022-11-13,13:45発走,東京,8,5,ヨッシーフェイス,60.0680553547095,4.0,11.7,6.0,202205050408
2022-11-13,13:45発走,東京,8,8,コスモノアゼット,55.27423625945552,5.0,8.8,6.0,202205050408
2022-11-13,13:45発走,東京,8,2,アーサーテソーロ,55.11376837226093,6.0,22.1,6.0,202205050408
2022-11-13,13:45発走,東京,8,13,ダイチヴィヴァン,50.812387339898564,7.0,37.7,6.0,202205050408
2022-11-13,13:45発走,東京,8,3,バクシン,50.11752589076487,8.0,8.2,6.0,202205050408
2022-11-13,13:45発走,東京,8,7,グランセノーテ,49.089825926069565,9.0,47.4,6.0,202205050408
2022-11-13,13:45発走,東京,8,11,キュムロンニンバス,43.560070887134515,10.0,86.1,6.0,202205050408
2022-11-13,13:45発走,東京,8,4,ヤウガウ,43.472254792013956,11.0,55.6,6.0,202205050408
2022-11-13,13:45発走,東京,8,10,マイステージ,42.052805337937244,12.0,16.3,6.0,202205050408
2022-11-13,13:45発走,東京,8,9,バーンパッション,41.20652986349823,13.0,84.4,6.0,202205050408
2022-11-13,13:45発走,東京,8,12,コズミックマインド,40.168039802615496,14.0,80.6,6.0,202205050408
2022-11-13,13:45発走,東京,8,14,ロードオブザチェコ,32.08628630433539,15.0,36.3,6.0,202205050408
2022-11-13,14:15発走,東京,9,7,ゴダイリキ,61.748443698079456,1.0,23.0,7.0,202205050409
2022-11-13,14:15発走,東京,9,12,ゴールドパラディン,61.56440765927589,2.0,5.1,7.0,202205050409
2022-11-13,14:15発走,東京,9,3,ウインアキレウス,61.146064127011414,3.0,4.6,7.0,202205050409
2022-11-13,14:15発走,東京,9,9,スズカカナロア,56.63457567076712,4.0,37.5,7.0,202205050409
2022-11-13,14:15発走,東京,9,4,プエルタデルソル,54.55813815648088,5.0,52.9,7.0,202205050409
2022-11-13,14:15発走,東京,9,1,イグザルト,50.78792825662675,6.0,3.2,7.0,202205050409
2022-11-13,14:15発走,東京,9,5,オーマイガイ,50.449084262282746,7.0,55.4,7.0,202205050409
2022-11-13,14:15発走,東京,9,13,ラインオブフェイト,48.85748918145232,8.0,27.9,7.0,202205050409
2022-11-13,14:15発走,東京,9,11,シゲルヒラトリ,48.48991803364716,9.0,131.3,7.0,202205050409
2022-11-13,14:15発走,東京,9,8,サンタナブルー,46.70362775218445,10.0,118.1,7.0,202205050409
2022-11-13,14:15発走,東京,9,10,モズピンポン,46.39254153690014,11.0,26.5,7.0,202205050409
2022-11-13,14:15発走,東京,9,6,ヨドノビクトリー,43.44974190672187,12.0,61.5,7.0,202205050409
2022-11-13,14:15発走,東京,9,14,トーセンアラン,39.46677147558084,13.0,3.2,7.0,202205050409
2022-11-13,14:15発走,東京,9,2,ボルカンバル,29.751268282988548,14.0,62.1,7.0,202205050409
2022-11-13,14:50発走,東京,10,7,ルージュエヴァイユ,68.40280960904427,1.0,2.3,3.0,202205050410
2022-11-13,14:50発走,東京,10,12,ヴェルトハイム,62.10548137989399,2.0,52.8,3.0,202205050410
2022-11-13,14:50発走,東京,10,2,クライミングリリー,57.52022440011555,3.0,12.0,3.0,202205050410
2022-11-13,14:50発走,東京,10,5,サルファーコスモス,54.592665848642696,4.0,32.0,3.0,202205050410
2022-11-13,14:50発走,東京,10,1,パープルレディー,54.37964435186353,5.0,18.0,3.0,202205050410
2022-11-13,14:50発走,東京,10,8,タガノパッション,53.93741983255771,6.0,14.2,3.0,202205050410
2022-11-13,14:50発走,東京,10,6,ノワールドゥジェ,52.396616534014356,7.0,4.2,3.0,202205050410
2022-11-13,14:50発走,東京,10,10,ファユエン,51.80938840861909,8.0,26.3,3.0,202205050410
2022-11-13,14:50発走,東京,10,15,サンタグラシア,51.66434083008751,9.0,27.3,3.0,202205050410
2022-11-13,14:50発走,東京,10,3,ドンナセレーノ,45.559560209054496,10.0,50.9,3.0,202205050410
2022-11-13,14:50発走,東京,10,13,アインゲーブング,41.977677194584956,11.0,54.7,3.0,202205050410
2022-11-13,14:50発走,東京,10,9,シンハリング,41.86022211370398,12.0,13.8,3.0,202205050410
2022-11-13,14:50発走,東京,10,11,ルース,41.196486118246085,13.0,25.8,3.0,202205050410
2022-11-13,14:50発走,東京,10,14,ココニアル,39.358608849632816,14.0,102.6,3.0,202205050410
2022-11-13,14:50発走,東京,10,4,ローゼライト,33.23885431993628,15.0,9.7,3.0,202205050410
2022-11-13,15:30発走,東京,11,1,テンハッピーローズ,67.54376647593517,1.0,6.7,4.0,202205050411
2022-11-13,15:30発走,東京,11,2,ウインシャーロット,63.13570355937908,2.0,3.3,4.0,202205050411
2022-11-13,15:30発走,東京,11,16,カイザーミノル,60.92640926482259,3.0,8.6,4.0,202205050411
2022-11-13,15:30発走,東京,11,11,グレイイングリーン,58.75974698679285,4.0,11.0,4.0,202205050411
2022-11-13,15:30発走,東京,11,4,プルパレイ,56.55244133801392,5.0,8.3,4.0,202205050411
2022-11-13,15:30発走,東京,11,12,トリプルエース,55.761186324673716,6.0,45.1,4.0,202205050411
2022-11-13,15:30発走,東京,11,15,アイラブテーラー,54.4285785557792,7.0,41.2,4.0,202205050411
2022-11-13,15:30発走,東京,11,9,ラルナブリラーレ,54.18222381615513,8.0,7.9,4.0,202205050411
2022-11-13,15:30発走,東京,11,6,アオイクレアトール,48.17737333622821,9.0,14.2,4.0,202205050411
2022-11-13,15:30発走,東京,11,10,ストーンリッジ,46.52236927842502,10.0,22.2,4.0,202205050411
2022-11-13,15:30発走,東京,11,8,シーズンズギフト,46.28666609059619,11.0,45.6,4.0,202205050411
2022-11-13,15:30発走,東京,11,14,メイショウチタン,45.26740355351379,12.0,36.6,4.0,202205050411
2022-11-13,15:30発走,東京,11,3,ザイツィンガー,44.87803447347048,13.0,53.0,4.0,202205050411
2022-11-13,15:30発走,東京,11,18,リレーションシップ,44.268589373364236,14.0,21.6,4.0,202205050411
2022-11-13,15:30発走,東京,11,7,ルッジェーロ,40.92924206500338,15.0,24.2,4.0,202205050411
2022-11-13,15:30発走,東京,11,17,アルピニズム,39.29805262048608,16.0,76.8,4.0,202205050411
2022-11-13,15:30発走,東京,11,5,タマモメイトウ,37.909287369589215,17.0,81.2,4.0,202205050411
2022-11-13,15:30発走,東京,11,13,マイネルアルケミー,35.17292551777213,18.0,94.8,4.0,202205050411
2022-11-13,16:05発走,東京,12,4,ロードカテドラル,64.62422980682106,1.0,2.2,5.0,202205050412
2022-11-13,16:05発走,東京,12,10,シーリアスラブ,57.994357309623474,2.0,24.2,5.0,202205050412
2022-11-13,16:05発走,東京,12,5,エーティーソブリン,57.88275516851275,3.0,9.9,5.0,202205050412
2022-11-13,16:05発走,東京,12,6,ムーンライト,54.0237745523364,4.0,15.9,5.0,202205050412
2022-11-13,16:05発走,東京,12,3,ミモザイエロー,49.561693032242374,5.0,10.5,5.0,202205050412
2022-11-13,16:05発走,東京,12,2,シベリアンタイガー,48.794635664925565,6.0,66.1,5.0,202205050412
2022-11-13,16:05発走,東京,12,9,エアミアーニ,47.50832210944807,7.0,4.3,5.0,202205050412
2022-11-13,16:05発走,東京,12,11,ネバーゴーンアウト,46.61154319812351,8.0,58.5,5.0,202205050412
2022-11-13,16:05発走,東京,12,1,ニシノアジャスト,45.23469531485637,9.0,21.8,5.0,202205050412
2022-11-13,16:05発走,東京,12,8,セッタレダスト,44.945516558832644,10.0,7.2,5.0,202205050412
2022-11-13,16:05発走,東京,12,7,エイシンシュトルム,32.81847728427711,11.0,16.3,5.0,202205050412
2022-11-13,10:05発走,阪神,1,7,イサイアス,64.7681823223297,1.0,2.2,5.0,202209050401
2022-11-13,10:05発走,阪神,1,11,マラマ,63.91682205915319,2.0,5.2,5.0,202209050401
2022-11-13,10:05発走,阪神,1,3,ショウナンアキドン,63.35549127767289,3.0,5.7,5.0,202209050401
2022-11-13,10:05発走,阪神,1,5,ジャスパーバローズ,54.82735176762422,4.0,6.3,5.0,202209050401
2022-11-13,10:05発走,阪神,1,9,ヒルデブランド,46.572883640526356,5.0,10.6,5.0,202209050401
2022-11-13,10:05発走,阪神,1,6,ハーベストデイ,46.447860162183325,6.0,15.6,5.0,202209050401
2022-11-13,10:05発走,阪神,1,1,ナムラアンソニー,44.40201259527993,7.0,75.4,5.0,202209050401
2022-11-13,10:05発走,阪神,1,2,メイショウハツセ,41.97055763058658,8.0,150.4,5.0,202209050401
2022-11-13,10:05発走,阪神,1,10,フェアリーハイ,41.619278846123365,9.0,87.3,5.0,202209050401
2022-11-13,10:05発走,阪神,1,4,エクレアヒカリ,41.17987181008442,10.0,126.1,5.0,202209050401
2022-11-13,10:05発走,阪神,1,8,スズノハマヤ,40.939687888435444,11.0,43.5,5.0,202209050401
2022-11-13,11:00発走,阪神,3,13,シャルラハロート,65.83162805453793,1.0,4.5,2.0,202209050403
2022-11-13,11:00発走,阪神,3,9,メテオリート,63.47695155869061,2.0,5.4,2.0,202209050403
2022-11-13,11:00発走,阪神,3,15,スリーブリランテ,58.28039278635719,3.0,7.1,2.0,202209050403
2022-11-13,11:00発走,阪神,3,1,コスモエポラール,58.04080351173276,4.0,10.8,2.0,202209050403
2022-11-13,11:00発走,阪神,3,11,ヴゼットマシェリ,57.87028249954912,5.0,19.4,2.0,202209050403
2022-11-13,11:00発走,阪神,3,14,ジョーシーゲル,54.520232905163894,6.0,9.4,2.0,202209050403
2022-11-13,11:00発走,阪神,3,7,メタマックス,52.4026737666418,7.0,5.4,2.0,202209050403
2022-11-13,11:00発走,阪神,3,12,クリノグローリー,50.61362693887203,8.0,12.4,2.0,202209050403
2022-11-13,11:00発走,阪神,3,6,トリプルウイナー,48.21409028244676,9.0,23.6,2.0,202209050403
2022-11-13,11:00発走,阪神,3,10,ラガープリンセス,47.63534079446154,10.0,100.8,2.0,202209050403
2022-11-13,11:00発走,阪神,3,8,ブルーカノン,40.03249281123807,11.0,48.5,2.0,202209050403
2022-11-13,11:00発走,阪神,3,2,シランケド,39.625466216002465,12.0,999.0,2.0,202209050403
2022-11-13,11:00発走,阪神,3,4,コスモグングニール,39.09205939930541,13.0,49.7,2.0,202209050403
2022-11-13,11:00発走,阪神,3,3,コイニョウボウ,38.053141577017584,14.0,50.1,2.0,202209050403
2022-11-13,11:00発走,阪神,3,5,センチュリヒーロー,36.31081689798424,15.0,75.8,2.0,202209050403
2022-11-13,11:30発走,阪神,4,6,ユリーシャ,63.09988022994735,1.0,8.2,7.0,202209050404
2022-11-13,11:30発走,阪神,4,5,セーヌドゥレーヴ,62.6158001150406,2.0,3.5,7.0,202209050404
2022-11-13,11:30発走,阪神,4,9,アラメダ,58.04584442307126,3.0,13.7,7.0,202209050404
2022-11-13,11:30発走,阪神,4,1,ワイドカイゼリン,52.67509050494925,4.0,39.9,7.0,202209050404
2022-11-13,11:30発走,阪神,4,3,ジェモロジー,52.2673114452985,5.0,7.1,7.0,202209050404
2022-11-13,11:30発走,阪神,4,8,ルージュミシェル,50.68802316234512,6.0,5.7,7.0,202209050404
2022-11-13,11:30発走,阪神,4,2,ローズバルサム,45.1406801568903,7.0,6.5,7.0,202209050404
2022-11-13,11:30発走,阪神,4,7,ピュアグルーヴ,40.923900713519515,8.0,9.3,7.0,202209050404
2022-11-13,11:30発走,阪神,4,10,ジューンオレンジ,38.409811181219744,9.0,15.4,7.0,202209050404
2022-11-13,11:30発走,阪神,4,4,メイショウネムノキ,36.133658067718976,10.0,23.8,7.0,202209050404
2022-11-13,12:55発走,阪神,6,8,ワンダフルトゥデイ,65.08797163432646,1.0,3.4,4.0,202209050406
2022-11-13,12:55発走,阪神,6,12,ヴァジュランダ,61.9788627458553,2.0,8.1,4.0,202209050406
2022-11-13,12:55発走,阪神,6,3,サンライズアリオン,61.801680814895334,3.0,4.9,4.0,202209050406
2022-11-13,12:55発走,阪神,6,11,デュアルレインボー,55.80843036490061,4.0,17.3,4.0,202209050406
2022-11-13,12:55発走,阪神,6,7,フォーワンセルフ,52.57058066096933,5.0,8.5,4.0,202209050406
2022-11-13,12:55発走,阪神,6,10,シャドウアイル,48.28797432586524,6.0,33.3,4.0,202209050406
2022-11-13,12:55発走,阪神,6,6,ラインオブソウル,48.17627079073182,7.0,3.4,4.0,202209050406
2022-11-13,12:55発走,阪神,6,2,メイショウマントル,46.55333214324645,8.0,29.0,4.0,202209050406
2022-11-13,12:55発走,阪神,6,1,マルモルーラー,45.00574336708933,9.0,49.2,4.0,202209050406
2022-11-13,12:55発走,阪神,6,5,ミキノプリンス,40.06407817899664,10.0,59.4,4.0,202209050406
2022-11-13,12:55発走,阪神,6,9,グローツラング,39.167132471039736,11.0,65.2,4.0,202209050406
2022-11-13,12:55発走,阪神,6,4,スカイドゥエラー,35.49794250208383,12.0,19.6,4.0,202209050406
2022-11-13,13:25発走,阪神,7,6,キタノセレナード,63.544331478404004,1.0,3.1,6.0,202209050407
2022-11-13,13:25発走,阪神,7,9,スーパーチーフ,62.944201755714616,2.0,4.2,6.0,202209050407
2022-11-13,13:25発走,阪神,7,3,シェイリーン,60.383867182654086,3.0,15.9,6.0,202209050407
2022-11-13,13:25発走,阪神,7,4,メイショウコジョウ,55.17723709725999,4.0,21.9,6.0,202209050407
2022-11-13,13:25発走,阪神,7,10,ワイドレッジャドロ,48.44761907213757,5.0,115.9,6.0,202209050407
2022-11-13,13:25発走,阪神,7,7,ジュタロウ,47.851746808765824,6.0,2.7,6.0,202209050407
2022-11-13,13:25発走,阪神,7,1,ジロー,45.449919950330006,7.0,30.1,6.0,202209050407
2022-11-13,13:25発走,阪神,7,8,ポップフランセ,42.507370762149876,8.0,70.9,6.0,202209050407
2022-11-13,13:25発走,阪神,7,2,キャリアリズム,41.71586821613189,9.0,18.0,6.0,202209050407
2022-11-13,13:25発走,阪神,7,5,メイショウシロガネ,41.383155767234,10.0,30.9,6.0,202209050407
2022-11-13,13:25発走,阪神,7,11,シルバーエース,40.59468190921696,11.0,13.2,6.0,202209050407
2022-11-13,13:55発走,阪神,8,5,ブラックシールド,65.32601035802846,1.0,3.5,3.0,202209050408
2022-11-13,13:55発走,阪神,8,2,ミクソロジー,61.68142124717414,2.0,4.4,3.0,202209050408
2022-11-13,13:55発走,阪神,8,3,ダークエクリプス,59.46160810129899,3.0,12.1,3.0,202209050408
2022-11-13,13:55発走,阪神,8,8,リンフレスカンテ,58.64334629366874,4.0,25.3,3.0,202209050408
2022-11-13,13:55発走,阪神,8,1,カフジアスール,55.45896314048172,5.0,9.7,3.0,202209050408
2022-11-13,13:55発走,阪神,8,9,ダディーズトリップ,53.90638996148152,6.0,23.4,3.0,202209050408
2022-11-13,13:55発走,阪神,8,4,ヘネラルカレーラ,51.2530396188048,7.0,7.2,3.0,202209050408
2022-11-13,13:55発走,阪神,8,14,ダノンターキッシュ,47.581161909731144,8.0,25.1,3.0,202209050408
2022-11-13,13:55発走,阪神,8,7,ロワンディシー,46.508776279684724,9.0,9.7,3.0,202209050408
2022-11-13,13:55発走,阪神,8,11,ハギノエスペラント,46.17660284000623,10.0,14.0,3.0,202209050408
2022-11-13,13:55発走,阪神,8,12,ピノクル,45.654510948399306,11.0,14.2,3.0,202209050408
2022-11-13,13:55発走,阪神,8,13,エールブラーヴ,38.814439537225,12.0,28.1,3.0,202209050408
2022-11-13,13:55発走,阪神,8,10,サンデーミラージュ,35.1421930215187,13.0,75.6,3.0,202209050408
2022-11-13,13:55発走,阪神,8,6,オンワードセルフ,34.391536742497436,14.0,201.1,3.0,202209050408
2022-11-13,15:00発走,阪神,10,3,ボイラーハウス,57.89971878628891,1.0,11.3,8.0,202209050410
2022-11-13,15:00発走,阪神,10,6,ミスズグランドオー,57.268645495840886,2.0,9.8,8.0,202209050410
2022-11-13,15:00発走,阪神,10,4,シゲルホサヤク,55.896923736472544,3.0,23.9,8.0,202209050410
2022-11-13,15:00発走,阪神,10,5,ヒロシゲゴールド,54.85162866474471,4.0,15.2,8.0,202209050410
2022-11-13,15:00発走,阪神,10,16,ジェネティクス,53.952879264235335,5.0,6.0,8.0,202209050410
2022-11-13,15:00発走,阪神,10,13,クインズメリッサ,53.18357811279938,6.0,15.2,8.0,202209050410
2022-11-13,15:00発走,阪神,10,11,ファイアランス,52.0881407666852,7.0,7.2,8.0,202209050410
2022-11-13,15:00発走,阪神,10,7,メイショウミライ,51.19027468582439,8.0,57.3,8.0,202209050410
2022-11-13,15:00発走,阪神,10,12,オメガレインボー,49.41988276978631,9.0,6.1,8.0,202209050410
2022-11-13,15:00発走,阪神,10,8,エアアルマス,49.201088142660495,10.0,21.4,8.0,202209050410
2022-11-13,15:00発走,阪神,10,2,ジャスティン,48.1527161427182,11.0,4.9,8.0,202209050410
2022-11-13,15:00発走,阪神,10,14,ニシノライトニング,46.47571047040488,12.0,26.6,8.0,202209050410
2022-11-13,15:00発走,阪神,10,10,イメル,45.70430754555282,13.0,104.4,8.0,202209050410
2022-11-13,15:00発走,阪神,10,9,ゼンノアンジュ,45.2035758893679,14.0,20.2,8.0,202209050410
2022-11-13,15:00発走,阪神,10,15,メイショウギガース,43.120541147104746,15.0,28.9,8.0,202209050410
2022-11-13,15:00発走,阪神,10,1,サイモンハロルド,36.390388379514214,16.0,41.3,8.0,202209050410
2022-11-13,16:20発走,阪神,12,5,モズリッキー,68.76636789041063,1.0,999.0,1.0,202209050412
2022-11-13,16:20発走,阪神,12,9,ヴアーサ,62.58481382161963,2.0,999.0,1.0,202209050412
2022-11-13,16:20発走,阪神,12,1,プライムライン,57.23179704773386,3.0,999.0,1.0,202209050412
2022-11-13,16:20発走,阪神,12,7,ドゥーベ,51.970690671545924,4.0,999.0,1.0,202209050412
2022-11-13,16:20発走,阪神,12,10,テーオードレフォン,51.85905358096616,5.0,999.0,1.0,202209050412
2022-11-13,16:20発走,阪神,12,4,キタノエクスプレス,51.53179926992081,6.0,999.0,1.0,202209050412
2022-11-13,16:20発走,阪神,12,8,サヴァイヴ,49.462525247125804,7.0,999.0,1.0,202209050412
2022-11-13,16:20発走,阪神,12,11,メタモルフォーゼ,47.62730436121868,8.0,999.0,1.0,202209050412
2022-11-13,16:20発走,阪神,12,3,ペガサスターボ,46.36307311243043,9.0,999.0,1.0,202209050412
2022-11-13,16:20発走,阪神,12,2,ユイノチャッキー,46.082634009014896,10.0,999.0,1.0,202209050412
2022-11-13,16:20発走,阪神,12,13,ケルンコンサート,44.01477633856014,11.0,999.0,1.0,202209050412
2022-11-13,16:20発走,阪神,12,12,ドゥリトル,37.751056984261766,12.0,999.0,1.0,202209050412
2022-11-13,16:20発走,阪神,12,6,テリーヌ,34.754107665193786,13.0,999.0,1.0,202209050412
