date,area,race_no,umaban,horse_name,y_pred_value,y_pred_rank,odds_2,y_pred_value_race_rank,race_id
2022-11-12,高知,2,5,アッシャーカット,63.11017796635973,1.0,2.6,11.0,202254111202
2022-11-12,高知,2,1,マリンモンシェリ,60.40029786950428,2.0,2.7,11.0,202254111202
2022-11-12,高知,2,4,オチツイテ,55.931209813196745,3.0,4.3,11.0,202254111202
2022-11-12,高知,2,8,ラパンパラ,52.87081172833689,4.0,9.8,11.0,202254111202
2022-11-12,高知,2,6,マリンイチナオミー,49.18784678495434,5.0,17.2,11.0,202254111202
2022-11-12,高知,2,2,プティステラ,42.26782771120192,6.0,17.2,11.0,202254111202
2022-11-12,高知,2,7,トモヒメ,38.232074978935756,7.0,17.2,11.0,202254111202
2022-11-12,高知,2,3,チュウオーレベッカ,37.99975314751049,8.0,0.0,11.0,202254111202
2022-11-12,高知,3,1,エイシンケヴィン,68.46885672535284,1.0,3.4,6.0,202254111203
2022-11-12,高知,3,10,ゴバンガイノマリー,61.222300712920145,2.0,5.2,6.0,202254111203
2022-11-12,高知,3,3,ミズワリヲクダサイ,55.06895898817601,3.0,6.2,6.0,202254111203
2022-11-12,高知,3,4,ガレージドライブ,54.331877166145624,4.0,31.2,6.0,202254111203
2022-11-12,高知,3,7,ミスサンフラワー,50.375128393898706,5.0,7.8,6.0,202254111203
2022-11-12,高知,3,5,エミープライム,46.56875948471874,6.0,4.4,6.0,202254111203
2022-11-12,高知,3,6,マハロケアクア,44.431906125955464,7.0,0.0,6.0,202254111203
2022-11-12,高知,3,8,パワーミント,41.51249800545683,8.0,10.4,6.0,202254111203
2022-11-12,高知,3,9,アイズオンミー,40.63482399420035,9.0,15.6,6.0,202254111203
2022-11-12,高知,3,2,ミヤジミニー,37.38489040317556,10.0,15.6,6.0,202254111203
2022-11-12,高知,4,10,コパノカールトン,70.08900353957999,1.0,1.5,3.0,202254111204
2022-11-12,高知,4,3,ゼンノナイン,62.72105222381886,2.0,4.9,3.0,202254111204
2022-11-12,高知,4,9,ウインアクティーボ,51.083115622965884,3.0,12.4,3.0,202254111204
2022-11-12,高知,4,2,キャンディキューブ,49.551578997156895,4.0,14.8,3.0,202254111204
2022-11-12,高知,4,7,ファインラン,48.71890212208913,5.0,37.2,3.0,202254111204
2022-11-12,高知,4,5,ウエスタンカッター,48.27423289414269,6.0,37.2,3.0,202254111204
2022-11-12,高知,4,1,ダノンチャンス,46.20774260299308,7.0,12.4,3.0,202254111204
2022-11-12,高知,4,8,メイショウカミング,42.30157327244153,8.0,24.8,3.0,202254111204
2022-11-12,高知,4,4,ミュートエアー,41.62734371275588,9.0,24.8,3.0,202254111204
2022-11-12,高知,4,6,サノサマー,39.425455012055735,10.0,24.8,3.0,202254111204
2022-11-12,高知,5,1,レベルスリー,67.68829521725243,1.0,2.5,8.0,202254111205
2022-11-12,高知,5,3,サイセイセイ,61.42766494933162,2.0,5.0,8.0,202254111205
2022-11-12,高知,5,2,ニーケススマイル,56.46387032583646,3.0,95.2,8.0,202254111205
2022-11-12,高知,5,4,クリノガオガオ,53.194713406036115,4.0,6.8,8.0,202254111205
2022-11-12,高知,5,9,ヒミノブルー,49.56085245726007,5.0,10.5,8.0,202254111205
2022-11-12,高知,5,5,ガラデレオン,45.303046931520214,6.0,31.7,8.0,202254111205
2022-11-12,高知,5,8,イーグルフェザー,44.36200945034234,7.0,3.4,8.0,202254111205
2022-11-12,高知,5,10,モズクルードラゴン,44.26849520337937,8.0,47.6,8.0,202254111205
2022-11-12,高知,5,7,スマートエミネンス,40.53547267785993,9.0,31.7,8.0,202254111205
2022-11-12,高知,5,6,レディーオーソ,37.195579381182,10.0,31.7,8.0,202254111205
2022-11-12,高知,6,3,ケプラー,68.98283535759502,1.0,1.1,5.0,202254111206
2022-11-12,高知,6,7,ルナソルガール,61.42949547278198,2.0,7.0,5.0,202254111206
2022-11-12,高知,6,2,シゲルブイン,58.03583669007864,3.0,28.0,5.0,202254111206
2022-11-12,高知,6,5,レープハフト,49.95158578766085,4.0,14.0,5.0,202254111206
2022-11-12,高知,6,9,オールドブラフ,46.96280105090691,5.0,28.0,5.0,202254111206
2022-11-12,高知,6,4,ファストボウラー,45.80533862618412,6.0,0.0,5.0,202254111206
2022-11-12,高知,6,8,カナデルサン,43.18339090673081,7.0,28.0,5.0,202254111206
2022-11-12,高知,6,10,ジューンビアンカ,42.7903746835982,8.0,0.0,5.0,202254111206
2022-11-12,高知,6,1,グルナピーク,42.66113333291913,9.0,28.0,5.0,202254111206
2022-11-12,高知,6,6,リターンオブクイン,40.19720809154428,10.0,0.0,5.0,202254111206
2022-11-12,高知,7,5,キョシンタンカイ,73.48362322547877,1.0,5.6,2.0,202254111207
2022-11-12,高知,7,2,ヴァイスブリッツ,57.94507908732035,2.0,2.8,2.0,202254111207
2022-11-12,高知,7,4,メガフロート,52.31214696636327,3.0,5.6,2.0,202254111207
2022-11-12,高知,7,1,アロマティカス,51.85568757766201,4.0,0.0,2.0,202254111207
2022-11-12,高知,7,6,グルーヴィカグヤ,51.4826129838375,5.0,0.0,2.0,202254111207
2022-11-12,高知,7,7,ヤマニンマリンバ,49.08594186261577,6.0,1.8,2.0,202254111207
2022-11-12,高知,7,11,サルトアトランテ,48.79027270599804,7.0,0.0,2.0,202254111207
2022-11-12,高知,7,8,プロトイチバンボシ,44.63789433270813,8.0,0.0,2.0,202254111207
2022-11-12,高知,7,3,ラヴベローナ,41.95590992536965,9.0,0.0,2.0,202254111207
2022-11-12,高知,7,10,アールケイワン,39.53333035772508,10.0,0.0,2.0,202254111207
2022-11-12,高知,7,9,クリオズナ,38.91750097492205,11.0,0.0,2.0,202254111207
2022-11-12,高知,8,7,ヒロブレイブ,68.13713813408688,1.0,4.5,7.0,202254111208
2022-11-12,高知,8,9,マイネルエスペルト,58.763642978804256,2.0,4.5,7.0,202254111208
2022-11-12,高知,8,5,コットンスノー,54.98085285993637,3.0,6.8,7.0,202254111208
2022-11-12,高知,8,3,グリムカレッジ,49.454585438373414,4.0,13.6,7.0,202254111208
2022-11-12,高知,8,2,ツウカイステラ,48.037246655567984,5.0,0.0,7.0,202254111208
2022-11-12,高知,8,1,キラキラオーラ,47.656832724470874,6.0,13.6,7.0,202254111208
2022-11-12,高知,8,8,ヒメサマ,47.28843419176785,7.0,4.5,7.0,202254111208
2022-11-12,高知,8,6,ニヨドハンター,45.353105762919974,8.0,13.6,7.0,202254111208
2022-11-12,高知,8,10,サノマル,40.47165931076131,9.0,6.8,7.0,202254111208
2022-11-12,高知,8,4,ミスチェリー,39.85650194331056,10.0,13.6,7.0,202254111208
2022-11-12,高知,9,10,ステラストラータ,69.45974968825493,1.0,3.6,4.0,202254111209
2022-11-12,高知,9,9,メイショウソウビ,56.15745536378559,2.0,4.8,4.0,202254111209
2022-11-12,高知,9,1,ヒロシゲダイヤ,54.38606184677731,3.0,7.2,4.0,202254111209
2022-11-12,高知,9,5,アポロマジェスティ,54.29618425889018,4.0,7.2,4.0,202254111209
2022-11-12,高知,9,3,コパノデイトナ,50.59137015876422,5.0,14.4,4.0,202254111209
2022-11-12,高知,9,8,キタノコドウ,49.55009158675137,6.0,7.2,4.0,202254111209
2022-11-12,高知,9,6,バシレウス,47.70561843590501,7.0,14.4,4.0,202254111209
2022-11-12,高知,9,4,エリーストーム,44.15734571453682,8.0,14.4,4.0,202254111209
2022-11-12,高知,9,7,ジッテ,39.0745674759827,9.0,14.4,4.0,202254111209
2022-11-12,高知,9,2,コバルトスカイ,34.62155547035174,10.0,14.4,4.0,202254111209
2022-11-12,高知,10,8,トリストラム,75.75890142882152,1.0,1.0,1.0,202254111210
2022-11-12,高知,10,3,マスクトライ,54.341448826799905,2.0,0.0,1.0,202254111210
2022-11-12,高知,10,2,リュウノヴィグラス,49.89332306071755,3.0,34.4,1.0,202254111210
2022-11-12,高知,10,7,アキロック,49.13192805704442,4.0,17.2,1.0,202254111210
2022-11-12,高知,10,5,ウインオルビット,49.09347823801359,5.0,34.4,1.0,202254111210
2022-11-12,高知,10,6,トミケンスラーヴァ,48.92750900767204,6.0,0.0,1.0,202254111210
2022-11-12,高知,10,10,アシャカマキシン,47.9942216946054,7.0,0.0,1.0,202254111210
2022-11-12,高知,10,4,ブルベアオーロ,47.585811939959136,8.0,0.0,1.0,202254111210
2022-11-12,高知,10,11,シエルヴァ,43.607497714999425,9.0,17.2,1.0,202254111210
2022-11-12,高知,10,9,コジョウザン,42.2117075066992,10.0,0.0,1.0,202254111210
2022-11-12,高知,10,1,フロントウイング,41.45417252466757,11.0,17.2,1.0,202254111210
2022-11-12,高知,11,6,ペイシャワキア,65.98824699414084,1.0,4.5,9.0,202254111211
2022-11-12,高知,11,9,クリノライメイ,63.21219255197556,2.0,4.5,9.0,202254111211
2022-11-12,高知,11,11,ジュンパッション,57.274237095781345,3.0,13.6,9.0,202254111211
2022-11-12,高知,11,4,オーバーリミット,54.766950367132104,4.0,13.6,9.0,202254111211
2022-11-12,高知,11,2,カイマナ,49.85504747239531,5.0,13.6,9.0,202254111211
2022-11-12,高知,11,10,ダヴィンチ,48.108809796047986,6.0,0.0,9.0,202254111211
2022-11-12,高知,11,8,シュバルツリッター,46.986779739612544,7.0,6.8,9.0,202254111211
2022-11-12,高知,11,1,センシャ,44.987139396062005,8.0,6.8,9.0,202254111211
2022-11-12,高知,11,5,メイショウロサン,43.02148999143884,9.0,0.0,9.0,202254111211
2022-11-12,高知,11,3,シャルドネ,42.587204785179544,10.0,13.6,9.0,202254111211
2022-11-12,高知,11,7,コスモザウル,33.211901810234316,11.0,4.5,9.0,202254111211
2022-11-12,高知,12,5,トイトイトイ,63.88593591014521,1.0,73.6,10.0,202254111212
2022-11-12,高知,12,10,コパノカーニバル,59.0647506130087,2.0,24.5,10.0,202254111212
2022-11-12,高知,12,7,チョウライリン,58.419759792084776,3.0,2.2,10.0,202254111212
2022-11-12,高知,12,3,ノールック,57.84517839223349,4.0,36.8,10.0,202254111212
2022-11-12,高知,12,2,ディーププリモ,53.072066173923794,5.0,6.1,10.0,202254111212
2022-11-12,高知,12,9,オウケンインザサン,52.030508553123894,6.0,6.1,10.0,202254111212
2022-11-12,高知,12,4,ドーロカバロ,50.98500230383506,7.0,9.2,10.0,202254111212
2022-11-12,高知,12,1,メタモルフォシス,47.502696219819555,8.0,18.4,10.0,202254111212
2022-11-12,高知,12,6,サウンディングベル,45.496508549504256,9.0,24.5,10.0,202254111212
2022-11-12,高知,12,11,ウインバイタル,41.49863776554466,10.0,9.2,10.0,202254111212
2022-11-12,高知,12,8,オオシマアジサイ,37.35197503009654,11.0,24.5,10.0,202254111212
2022-11-12,高知,12,12,キョウエイオビエド,32.84698069668015,12.0,24.5,10.0,202254111212
2022-11-12,佐賀,2,4,キタサンガイセン,67.7492239198118,1.0,1.0,5.0,202255111202
2022-11-12,佐賀,2,10,アンタゴニスタ,63.61636007724631,2.0,0.0,5.0,202255111202
2022-11-12,佐賀,2,3,ルージュヴェルダ,53.948282919383026,3.0,0.0,5.0,202255111202
2022-11-12,佐賀,2,9,マツリダウルフ,49.503083784013945,4.0,0.0,5.0,202255111202
2022-11-12,佐賀,2,8,キタノダロマ,49.31442025704196,5.0,10.4,5.0,202255111202
2022-11-12,佐賀,2,2,ゴールドロジャー,48.59400014327489,6.0,0.0,5.0,202255111202
2022-11-12,佐賀,2,5,ジュリエンヌ,45.09803608657171,7.0,0.0,5.0,202255111202
2022-11-12,佐賀,2,7,ホウオウゴースト,42.52284324481742,8.0,0.0,5.0,202255111202
2022-11-12,佐賀,2,1,ラウダーテ,41.774417738689436,9.0,5.2,5.0,202255111202
2022-11-12,佐賀,2,6,ペイドゥレーヴ,37.87933182914895,10.0,0.0,5.0,202255111202
2022-11-12,佐賀,4,7,パフドラム,71.46239130447407,1.0,1.2,2.0,202255111204
2022-11-12,佐賀,4,8,エムオーポケット,56.59145582539604,2.0,6.4,2.0,202255111204
2022-11-12,佐賀,4,10,シゲルペガサス,54.34459500734788,3.0,0.0,2.0,202255111204
2022-11-12,佐賀,4,9,ショーラッシュ,53.778707071455756,4.0,0.0,2.0,202255111204
2022-11-12,佐賀,4,4,キサツタイ,53.172691683857245,5.0,0.0,2.0,202255111204
2022-11-12,佐賀,4,2,カシノネメシス,48.701804067083174,6.0,0.0,2.0,202255111204
2022-11-12,佐賀,4,6,ステイハングリー,46.31185036541444,7.0,0.0,2.0,202255111204
2022-11-12,佐賀,4,11,サバイバルトリック,43.54223961786272,8.0,0.0,2.0,202255111204
2022-11-12,佐賀,4,1,ルジェンド,42.52192266089358,9.0,3.2,2.0,202255111204
2022-11-12,佐賀,4,3,シルバーセイント,42.11144943730379,10.0,0.0,2.0,202255111204
2022-11-12,佐賀,4,5,イエローアイ,37.46089295891136,11.0,0.0,2.0,202255111204
2022-11-12,佐賀,6,10,グランポートリネス,60.76402249142798,1.0,0.0,7.0,202255111206
2022-11-12,佐賀,6,5,オプティマス,60.065768192286825,2.0,0.0,7.0,202255111206
2022-11-12,佐賀,6,4,ロードジャック,59.55947954755649,3.0,0.0,7.0,202255111206
2022-11-12,佐賀,6,9,アピテソーロ,53.97234399358159,4.0,0.0,7.0,202255111206
2022-11-12,佐賀,6,3,ローブデュソワール,53.5420306266565,5.0,0.0,7.0,202255111206
2022-11-12,佐賀,6,11,エコロペガサス,51.96655370577896,6.0,0.0,7.0,202255111206
2022-11-12,佐賀,6,6,エオウィン,51.38487480771685,7.0,0.0,7.0,202255111206
2022-11-12,佐賀,6,2,エイシンホクサイ,49.353701475631595,8.0,0.0,7.0,202255111206
2022-11-12,佐賀,6,8,シャイネンエンケル,41.27775706814373,9.0,0.0,7.0,202255111206
2022-11-12,佐賀,6,7,パースペクティヴ,35.794487944649646,10.0,0.0,7.0,202255111206
2022-11-12,佐賀,6,1,レッドゼノビア,32.31898014657004,11.0,0.0,7.0,202255111206
2022-11-12,佐賀,7,11,ネコネコロコガール,74.11601330466765,1.0,0.0,1.0,202255111207
2022-11-12,佐賀,7,8,ユメウララ,53.2809149713034,2.0,0.0,1.0,202255111207
2022-11-12,佐賀,7,4,リュウノイーグル,51.97996422477501,3.0,0.0,1.0,202255111207
2022-11-12,佐賀,7,5,ヤサカオネット,51.360816901809685,4.0,0.0,1.0,202255111207
2022-11-12,佐賀,7,3,カゼヒナタ,50.282970046121875,5.0,0.0,1.0,202255111207
2022-11-12,佐賀,7,6,ヴィーナスフォート,49.19551120087752,6.0,0.0,1.0,202255111207
2022-11-12,佐賀,7,10,バドボーイ,49.095267284937314,7.0,0.0,1.0,202255111207
2022-11-12,佐賀,7,9,スターオブグラシア,47.37796138210544,8.0,0.0,1.0,202255111207
2022-11-12,佐賀,7,2,ファルコンウルフ,44.038614940944626,9.0,0.0,1.0,202255111207
2022-11-12,佐賀,7,7,チョコバニラ,43.38987244535134,10.0,0.0,1.0,202255111207
2022-11-12,佐賀,7,1,キリンジュニア,35.88209329710686,11.0,0.0,1.0,202255111207
2022-11-12,佐賀,8,3,ラインスプラッシュ,70.50831097030968,1.0,0.0,3.0,202255111208
2022-11-12,佐賀,8,8,エルピーダ,60.586541445273454,2.0,0.0,3.0,202255111208
2022-11-12,佐賀,8,9,トキノプレミア,52.81866431111923,3.0,0.0,3.0,202255111208
2022-11-12,佐賀,8,5,キクノキング,52.43116695815618,4.0,0.0,3.0,202255111208
2022-11-12,佐賀,8,10,クラウンエンジニア,50.73876931289415,5.0,0.0,3.0,202255111208
2022-11-12,佐賀,8,2,フェアビアンカ,45.89177309146605,6.0,0.0,3.0,202255111208
2022-11-12,佐賀,8,4,プラスツー,44.53289989929165,7.0,0.0,3.0,202255111208
2022-11-12,佐賀,8,1,エイシンゴーレム,41.382213210911814,8.0,0.0,3.0,202255111208
2022-11-12,佐賀,8,7,サンカハラ,41.025818540580964,9.0,0.0,3.0,202255111208
2022-11-12,佐賀,8,6,シーフードパイセン,40.083842259996665,10.0,0.0,3.0,202255111208
2022-11-12,佐賀,9,7,アデウス,69.44419516460346,1.0,0.0,4.0,202255111209
2022-11-12,佐賀,9,4,ローリングサンダー,56.25857371050516,2.0,0.0,4.0,202255111209
2022-11-12,佐賀,9,3,ダノンディアマンテ,55.019253523939184,3.0,0.0,4.0,202255111209
2022-11-12,佐賀,9,2,ウィシュワールド,54.16036527876117,4.0,0.0,4.0,202255111209
2022-11-12,佐賀,9,10,インブリウム,50.86623697187596,5.0,0.0,4.0,202255111209
2022-11-12,佐賀,9,9,ビュレットベリー,47.80954264458043,6.0,0.0,4.0,202255111209
2022-11-12,佐賀,9,1,サイゴウパワー,44.55101439864525,7.0,0.0,4.0,202255111209
2022-11-12,佐賀,9,5,スマイルジャスパー,43.03425777481333,8.0,0.0,4.0,202255111209
2022-11-12,佐賀,9,8,リュウグウヒメ,42.01723646270629,9.0,0.0,4.0,202255111209
2022-11-12,佐賀,9,6,ソリダリエタ,36.839324069569294,10.0,0.0,4.0,202255111209
2022-11-12,佐賀,11,6,サイダイゲンカイ,62.96808146015309,1.0,0.0,6.0,202255111211
2022-11-12,佐賀,11,10,タケノサイコウ,62.20295331822609,2.0,0.0,6.0,202255111211
2022-11-12,佐賀,11,8,テイエムサツマオー,59.141062127120634,3.0,0.0,6.0,202255111211
2022-11-12,佐賀,11,9,ザビッグレディー,56.03677975743703,4.0,0.0,6.0,202255111211
2022-11-12,佐賀,11,5,サンライズタキオン,51.18049823934069,5.0,0.0,6.0,202255111211
2022-11-12,佐賀,11,3,アルゴセイコウ,49.85871058184391,6.0,0.0,6.0,202255111211
2022-11-12,佐賀,11,1,ハヤブサマカオー,46.23754021337449,7.0,0.0,6.0,202255111211
2022-11-12,佐賀,11,7,ブラックアロー,43.99461219910482,8.0,0.0,6.0,202255111211
2022-11-12,佐賀,11,2,イケノアスリート,43.074816331599195,9.0,0.0,6.0,202255111211
2022-11-12,佐賀,11,4,カルフレグランス,38.32205047563316,10.0,0.0,6.0,202255111211
2022-11-12,佐賀,11,11,ボヘミアラプソディ,36.98289529616652,11.0,0.0,6.0,202255111211
2022-11-13,盛岡,1,7,スミシュー,74.6568166541353,1.0,,1.0,202235111301
2022-11-13,盛岡,1,9,フェアレーター,57.60880369676309,2.0,,1.0,202235111301
2022-11-13,盛岡,1,1,アレグロヴィーヴォ,54.01550123197968,3.0,,1.0,202235111301
2022-11-13,盛岡,1,8,ブリリアントギフト,50.34468174132083,4.0,,1.0,202235111301
2022-11-13,盛岡,1,5,ネオヒロイン,49.728830924520565,5.0,,1.0,202235111301
2022-11-13,盛岡,1,2,ヒーローシャガーラ,47.07305691128461,6.0,,1.0,202235111301
2022-11-13,盛岡,1,11,ランプーン,45.58558332291665,7.0,,1.0,202235111301
2022-11-13,盛岡,1,6,デルマピクシー,45.49884243970228,8.0,,1.0,202235111301
2022-11-13,盛岡,1,4,ヤマニンラベンサラ,43.702298575427264,9.0,,1.0,202235111301
2022-11-13,盛岡,1,10,ピッツィカート,42.016663790225806,10.0,,1.0,202235111301
2022-11-13,盛岡,1,3,フレスコバルディ,39.768920711723624,11.0,,1.0,202235111301
2022-11-13,盛岡,2,6,ハイアキュレイト,64.51153196535292,1.0,,8.0,202235111302
2022-11-13,盛岡,2,10,アルファプリンセス,60.189027692031814,2.0,,8.0,202235111302
2022-11-13,盛岡,2,4,スージーテイラー,57.94483487922338,3.0,,8.0,202235111302
2022-11-13,盛岡,2,5,エンペラーズパレス,55.53057389523518,4.0,,8.0,202235111302
2022-11-13,盛岡,2,1,タイムトリップ,51.79873957065834,5.0,,8.0,202235111302
2022-11-13,盛岡,2,2,ナムラダグ,50.135775955566956,6.0,,8.0,202235111302
2022-11-13,盛岡,2,9,ヤマニンムジカ,43.362525120152334,7.0,,8.0,202235111302
2022-11-13,盛岡,2,8,オースミヌーベル,42.73713345963227,8.0,,8.0,202235111302
2022-11-13,盛岡,2,3,エスケイキャサリン,37.49120549234894,9.0,,8.0,202235111302
2022-11-13,盛岡,2,7,メモリアルウッド,36.298651969796985,10.0,,8.0,202235111302
2022-11-13,盛岡,3,3,オイルマン,73.97009947259002,1.0,,2.0,202235111303
2022-11-13,盛岡,3,9,ムーンシュトラール,55.77567869369113,2.0,,2.0,202235111303
2022-11-13,盛岡,3,10,ワーグモント,54.0725281025106,3.0,,2.0,202235111303
2022-11-13,盛岡,3,4,ライラックジェンヌ,53.61319388262352,4.0,,2.0,202235111303
2022-11-13,盛岡,3,8,パワポケゴー,50.57782926389167,5.0,,2.0,202235111303
2022-11-13,盛岡,3,5,ヤマニンブレーザー,48.90546624683823,6.0,,2.0,202235111303
2022-11-13,盛岡,3,7,キールカーディナル,46.45407342796824,7.0,,2.0,202235111303
2022-11-13,盛岡,3,11,ヨリナメンテ,43.727752990589245,8.0,,2.0,202235111303
2022-11-13,盛岡,3,2,マイネルエキサイト,43.596984452273574,9.0,,2.0,202235111303
2022-11-13,盛岡,3,1,ハバネロ,43.306426201766996,10.0,,2.0,202235111303
2022-11-13,盛岡,3,6,ヒロシゲローズ,35.999967265256615,11.0,,2.0,202235111303
2022-11-13,盛岡,4,2,エスクマ,69.64191029733146,1.0,,4.0,202235111304
2022-11-13,盛岡,4,4,キタノムホウ,60.10624247544065,2.0,,4.0,202235111304
2022-11-13,盛岡,4,5,リケアミネオラ,53.660804502224465,3.0,,4.0,202235111304
2022-11-13,盛岡,4,12,ビービーグリッター,53.28578342910119,4.0,,4.0,202235111304
2022-11-13,盛岡,4,10,セイレジーナ,50.39248511768391,5.0,,4.0,202235111304
2022-11-13,盛岡,4,3,ヤマショウデリーヌ,50.17829406310872,6.0,,4.0,202235111304
2022-11-13,盛岡,4,6,ストレイトアップ,49.7174296480421,7.0,,4.0,202235111304
2022-11-13,盛岡,4,11,グッドラックソング,48.08938117230267,8.0,,4.0,202235111304
2022-11-13,盛岡,4,7,ノートランプ,47.62605277357882,9.0,,4.0,202235111304
2022-11-13,盛岡,4,1,レディーパトロール,42.23891125683063,10.0,,4.0,202235111304
2022-11-13,盛岡,4,8,アガット,41.806263567067504,11.0,,4.0,202235111304
2022-11-13,盛岡,4,9,フミタツビックボス,33.256441697287805,12.0,,4.0,202235111304
2022-11-13,盛岡,5,3,ベルベリス,69.95580641311123,1.0,,3.0,202235111305
2022-11-13,盛岡,5,1,ムッシュージョイ,62.40994389039943,2.0,,3.0,202235111305
2022-11-13,盛岡,5,6,セントサレディー,55.22648620820909,3.0,,3.0,202235111305
2022-11-13,盛岡,5,9,ペイフォン,53.46983462894919,4.0,,3.0,202235111305
2022-11-13,盛岡,5,10,ヤマニンティエルナ,50.5177851087512,5.0,,3.0,202235111305
2022-11-13,盛岡,5,8,トマティーナ,46.20534652782163,6.0,,3.0,202235111305
2022-11-13,盛岡,5,4,タイセイナトゥーラ,44.69498357818222,7.0,,3.0,202235111305
2022-11-13,盛岡,5,2,メイショウカチゴマ,44.23299613642901,8.0,,3.0,202235111305
2022-11-13,盛岡,5,5,ミオリパヤヤーム,43.849671776776695,9.0,,3.0,202235111305
2022-11-13,盛岡,5,7,スターオブホープ,40.9201085503228,10.0,,3.0,202235111305
2022-11-13,盛岡,5,11,ティラール,38.51703718104696,11.0,,3.0,202235111305
2022-11-13,盛岡,6,5,ハートホイップ,66.25598918211386,1.0,,6.0,202235111306
2022-11-13,盛岡,6,4,ナンベイコー,64.78964106305762,2.0,,6.0,202235111306
2022-11-13,盛岡,6,9,ビスボッチャ,53.11833190312811,3.0,,6.0,202235111306
2022-11-13,盛岡,6,3,ホウショウエポック,51.383870113738766,4.0,,6.0,202235111306
2022-11-13,盛岡,6,1,ビーエイブルトゥ,51.23515765063265,5.0,,6.0,202235111306
2022-11-13,盛岡,6,10,トップフェイス,50.572754525228376,6.0,,6.0,202235111306
2022-11-13,盛岡,6,6,カラフルフレスコ,48.517724843305466,7.0,,6.0,202235111306
2022-11-13,盛岡,6,11,ノースショアガール,45.833887625685506,8.0,,6.0,202235111306
2022-11-13,盛岡,6,7,トチノキング,40.66262464865622,9.0,,6.0,202235111306
2022-11-13,盛岡,6,2,マサクニ,39.27181332977154,10.0,,6.0,202235111306
2022-11-13,盛岡,6,8,オールザベスト,38.35820511468099,11.0,,6.0,202235111306
2022-11-13,盛岡,7,2,アルコローザ,62.621538363476034,1.0,,10.0,202235111307
2022-11-13,盛岡,7,1,シュリュッセル,55.34538560968018,2.0,,10.0,202235111307
2022-11-13,盛岡,7,9,タオルデスカーフ,55.319492230735634,3.0,,10.0,202235111307
2022-11-13,盛岡,7,6,ユリアンナ,54.22491907395926,4.0,,10.0,202235111307
2022-11-13,盛岡,7,8,ネオネオモッズ,53.16428338956102,5.0,,10.0,202235111307
2022-11-13,盛岡,7,4,ポイントオブオナー,47.91468347666593,6.0,,10.0,202235111307
2022-11-13,盛岡,7,5,フレアリングスター,43.112353583604396,7.0,,10.0,202235111307
2022-11-13,盛岡,7,7,フジサンニュウサツ,40.953656772243576,8.0,,10.0,202235111307
2022-11-13,盛岡,7,3,トミケンアラバール,37.34368750007574,9.0,,10.0,202235111307
2022-11-13,盛岡,8,1,キットクル,68.25463977080113,1.0,,5.0,202235111308
2022-11-13,盛岡,8,9,オデンセ,56.84178383839733,2.0,,5.0,202235111308
2022-11-13,盛岡,8,2,マクロー,54.68621557442151,3.0,,5.0,202235111308
2022-11-13,盛岡,8,6,サージェントバッジ,50.97295452155208,4.0,,5.0,202235111308
2022-11-13,盛岡,8,4,ヤマニンレガリーノ,49.22427108351097,5.0,,5.0,202235111308
2022-11-13,盛岡,8,5,フェザースピリット,45.17389770653014,6.0,,5.0,202235111308
2022-11-13,盛岡,8,8,マイディアライフ,45.063876310328965,7.0,,5.0,202235111308
2022-11-13,盛岡,8,7,エイシンスレイマン,44.03768198562379,8.0,,5.0,202235111308
2022-11-13,盛岡,8,3,サンクエトワール,35.744679208833624,9.0,,5.0,202235111308
2022-11-13,盛岡,9,4,ゴールドジャイアン,60.85514793458048,1.0,,11.0,202235111309
2022-11-13,盛岡,9,1,ロードアルバータ,59.45333939223829,2.0,,11.0,202235111309
2022-11-13,盛岡,9,8,コールオンミー,57.95878936229032,3.0,,11.0,202235111309
2022-11-13,盛岡,9,6,シェイドオヴペイル,55.034703681501696,4.0,,11.0,202235111309
2022-11-13,盛岡,9,5,サンエイマジック,52.033509323245625,5.0,,11.0,202235111309
2022-11-13,盛岡,9,2,アドマイヤロマン,51.52986303280849,6.0,,11.0,202235111309
2022-11-13,盛岡,9,10,エンパイヤアーサー,47.31997150983649,7.0,,11.0,202235111309
2022-11-13,盛岡,9,3,メイショウカミシマ,46.89444641240985,8.0,,11.0,202235111309
2022-11-13,盛岡,9,7,ウインアライバル,36.02374896749198,9.0,,11.0,202235111309
2022-11-13,盛岡,9,9,ブライティアセルバ,32.89648038359701,10.0,,11.0,202235111309
2022-11-13,盛岡,10,7,ソロムコ,63.21561142407358,1.0,,9.0,202235111310
2022-11-13,盛岡,10,5,ジェドゥラシャンス,61.36924707625096,2.0,,9.0,202235111310
2022-11-13,盛岡,10,4,ホーリーバジル,61.36683717629126,3.0,,9.0,202235111310
2022-11-13,盛岡,10,2,セイギャラクシー,53.76929880377874,4.0,,9.0,202235111310
2022-11-13,盛岡,10,10,モレッキ,53.04222579039588,5.0,,9.0,202235111310
2022-11-13,盛岡,10,1,ピースワンパルフェ,50.32680215305409,6.0,,9.0,202235111310
2022-11-13,盛岡,10,6,オオサキフラワー,46.0147368682849,7.0,,9.0,202235111310
2022-11-13,盛岡,10,11,エイシンクリーオス,43.457389709382724,8.0,,9.0,202235111310
2022-11-13,盛岡,10,3,カガジャドール,43.062384123338184,9.0,,9.0,202235111310
2022-11-13,盛岡,10,9,バジガクアリア,41.83874604941079,10.0,,9.0,202235111310
2022-11-13,盛岡,10,8,コルテージュ,32.53672082573932,11.0,,9.0,202235111310
2022-11-13,盛岡,11,1,キューティロメラ,65.92504369615742,1.0,,7.0,202235111311
2022-11-13,盛岡,11,3,ライトニングブルー,62.29409132628412,2.0,,7.0,202235111311
2022-11-13,盛岡,11,5,フジラプンツェル,56.73770434731976,3.0,,7.0,202235111311
2022-11-13,盛岡,11,10,エイシンエイト,51.1335558848957,4.0,,7.0,202235111311
2022-11-13,盛岡,11,9,フラワーテイル,49.30531248025518,5.0,,7.0,202235111311
2022-11-13,盛岡,11,4,アニモミホ,48.974640242185586,6.0,,7.0,202235111311
2022-11-13,盛岡,11,11,キタカラキタオペラ,48.951022863307216,7.0,,7.0,202235111311
2022-11-13,盛岡,11,6,ローズトレミエ,46.62767792891581,8.0,,7.0,202235111311
2022-11-13,盛岡,11,8,レモンアイカー,44.81545187378795,9.0,,7.0,202235111311
2022-11-13,盛岡,11,7,レディースピーダー,43.91432296791574,10.0,,7.0,202235111311
2022-11-13,盛岡,11,12,アシモトヨシ,43.70232777830941,11.0,,7.0,202235111311
2022-11-13,盛岡,11,2,レジーナ,37.618848610666106,12.0,,7.0,202235111311
2022-11-13,金沢,2,3,クラウドクラスター,72.38418082377684,1.0,,2.0,202246111302
2022-11-13,金沢,2,4,コロッケ,53.314678261742394,2.0,,2.0,202246111302
2022-11-13,金沢,2,9,ナムラマカルー,50.28439007986752,3.0,,2.0,202246111302
2022-11-13,金沢,2,8,プリモプレミオ,49.67838536069081,4.0,,2.0,202246111302
2022-11-13,金沢,2,2,ザガーロ,48.96576685502224,5.0,,2.0,202246111302
2022-11-13,金沢,2,1,ウラニア,48.42906303961121,6.0,,2.0,202246111302
2022-11-13,金沢,2,6,アンクルダッシュ,48.35267928742962,7.0,,2.0,202246111302
2022-11-13,金沢,2,5,コウユーママママ,40.42183141016279,8.0,,2.0,202246111302
2022-11-13,金沢,2,7,スターオブジーン,38.16902488169725,9.0,,2.0,202246111302
2022-11-13,金沢,3,4,サノノビスケッツ,67.43199007135402,1.0,,8.0,202246111303
2022-11-13,金沢,3,7,ジーエイチグールド,58.867102467340814,2.0,,8.0,202246111303
2022-11-13,金沢,3,1,オルゾ,56.26065356678971,3.0,,8.0,202246111303
2022-11-13,金沢,3,3,ブルーシャトー,52.822386610314034,4.0,,8.0,202246111303
2022-11-13,金沢,3,5,ウィンシンプリー,47.78442222314443,5.0,,8.0,202246111303
2022-11-13,金沢,3,6,ラステラブリランテ,46.356173165205774,6.0,,8.0,202246111303
2022-11-13,金沢,3,9,ダークライオン,42.88322174486295,7.0,,8.0,202246111303
2022-11-13,金沢,3,2,アイドラゴン,39.69470562846706,8.0,,8.0,202246111303
2022-11-13,金沢,3,8,サッキーエターナル,37.89934452252123,9.0,,8.0,202246111303
2022-11-13,金沢,4,5,ルーシッド,70.05908726480774,1.0,,5.0,202246111304
2022-11-13,金沢,4,4,パレスガード,57.90909977379026,2.0,,5.0,202246111304
2022-11-13,金沢,4,8,オープンセサミ,51.747951716542886,3.0,,5.0,202246111304
2022-11-13,金沢,4,10,スウィートイレブン,51.064816401585674,4.0,,5.0,202246111304
2022-11-13,金沢,4,9,ゲンパチラブハート,50.87994813182749,5.0,,5.0,202246111304
2022-11-13,金沢,4,2,アピールデザイン,47.5071384500258,6.0,,5.0,202246111304
2022-11-13,金沢,4,7,ノースヒビキ,46.24546264367736,7.0,,5.0,202246111304
2022-11-13,金沢,4,3,カスターニャルーナ,45.91756118875686,8.0,,5.0,202246111304
2022-11-13,金沢,4,6,ペイシャゴンジセ,44.41134479687756,9.0,,5.0,202246111304
2022-11-13,金沢,4,1,メイショウシャチ,34.25758963210826,10.0,,5.0,202246111304
2022-11-13,金沢,5,8,フォーカード,67.62044639292219,1.0,,7.0,202246111305
2022-11-13,金沢,5,6,ヘリオシース,60.29648000695826,2.0,,7.0,202246111305
2022-11-13,金沢,5,9,ハートリープ,52.33759790777152,3.0,,7.0,202246111305
2022-11-13,金沢,5,7,ハーモニーロータス,51.823937568649015,4.0,,7.0,202246111305
2022-11-13,金沢,5,10,ヴェロニク,50.46132754833224,5.0,,7.0,202246111305
2022-11-13,金沢,5,1,ジーハーモニー,49.49992050301313,6.0,,7.0,202246111305
2022-11-13,金沢,5,4,ピノーク,48.5392652075666,7.0,,7.0,202246111305
2022-11-13,金沢,5,3,アゼツライト,47.29484141827042,8.0,,7.0,202246111305
2022-11-13,金沢,5,11,ロングテール,46.54142861932325,9.0,,7.0,202246111305
2022-11-13,金沢,5,5,ゴールドスピアー,38.38719644031034,10.0,,7.0,202246111305
2022-11-13,金沢,5,2,セキセキ,37.19755838688278,11.0,,7.0,202246111305
2022-11-13,金沢,6,6,ブーゲンビリア,68.8439249503023,1.0,,6.0,202246111306
2022-11-13,金沢,6,12,チェルビックヒム,62.14232332640407,2.0,,6.0,202246111306
2022-11-13,金沢,6,9,ロバリアスピード,54.280955731285275,3.0,,6.0,202246111306
2022-11-13,金沢,6,5,ムーンライトアリア,54.05964819202395,4.0,,6.0,202246111306
2022-11-13,金沢,6,3,ポートメイリオン,53.47685024692359,5.0,,6.0,202246111306
2022-11-13,金沢,6,4,ダニューブ,50.939552430797455,6.0,,6.0,202246111306
2022-11-13,金沢,6,8,シオジレア,49.80723007794889,7.0,,6.0,202246111306
2022-11-13,金沢,6,11,レインボーヒル,46.11248963514679,8.0,,6.0,202246111306
2022-11-13,金沢,6,2,トゥーゲント,42.59386996971824,9.0,,6.0,202246111306
2022-11-13,金沢,6,7,ロジシップ,39.87217364332551,10.0,,6.0,202246111306
2022-11-13,金沢,6,1,コウエイスパークル,39.43937030627019,11.0,,6.0,202246111306
2022-11-13,金沢,6,10,グリーンエンプレス,38.43161148985359,12.0,,6.0,202246111306
2022-11-13,金沢,7,4,ハジメテノチュウ,72.64505358293086,1.0,,1.0,202246111307
2022-11-13,金沢,7,3,ウィンターリリー,56.62983510376802,2.0,,1.0,202246111307
2022-11-13,金沢,7,7,ダンスインザスノー,55.891963766599325,3.0,,1.0,202246111307
2022-11-13,金沢,7,1,エクスカテドラ,47.68868955889989,4.0,,1.0,202246111307
2022-11-13,金沢,7,5,アイドゥ,47.50811294343108,5.0,,1.0,202246111307
2022-11-13,金沢,7,6,ラブバルドー,47.50217974804595,6.0,,1.0,202246111307
2022-11-13,金沢,7,8,エイシンハンニバル,45.9669061215201,7.0,,1.0,202246111307
2022-11-13,金沢,7,2,キャメポート,43.70719399220272,8.0,,1.0,202246111307
2022-11-13,金沢,7,10,ムンダーナ,43.679399962172106,9.0,,1.0,202246111307
2022-11-13,金沢,7,9,フィルモグラフィー,38.78066522042958,10.0,,1.0,202246111307
2022-11-13,金沢,8,3,アロマフォルテ,70.83529536333498,1.0,,4.0,202246111308
2022-11-13,金沢,8,10,エヴォラ,57.74882141617164,2.0,,4.0,202246111308
2022-11-13,金沢,8,11,リチェルカ,55.783875457210726,3.0,,4.0,202246111308
2022-11-13,金沢,8,1,ベストユエンモン,52.144932804700105,4.0,,4.0,202246111308
2022-11-13,金沢,8,6,カトリーヌスリジエ,49.61455087316391,5.0,,4.0,202246111308
2022-11-13,金沢,8,2,アナザーヴィータ,48.295763550501114,6.0,,4.0,202246111308
2022-11-13,金沢,8,5,カフェリリー,48.22328907973835,7.0,,4.0,202246111308
2022-11-13,金沢,8,7,ソルフィネット,45.84366218972423,8.0,,4.0,202246111308
2022-11-13,金沢,8,9,ダブルマーク,45.76399543073099,9.0,,4.0,202246111308
2022-11-13,金沢,8,4,ランダムストーリー,39.19041934545255,10.0,,4.0,202246111308
2022-11-13,金沢,8,8,スペシャルトリップ,36.55539448927181,11.0,,4.0,202246111308
2022-11-13,金沢,9,8,エムオータイショウ,67.18736411467047,1.0,,9.0,202246111309
2022-11-13,金沢,9,1,ホイッスルベイト,64.07184492124067,2.0,,9.0,202246111309
2022-11-13,金沢,9,3,ダイチヴィット,57.880078435465094,3.0,,9.0,202246111309
2022-11-13,金沢,9,4,ブロウンアウェイ,50.798066182182964,4.0,,9.0,202246111309
2022-11-13,金沢,9,9,ヒマワリオジョウ,47.01784059374497,5.0,,9.0,202246111309
2022-11-13,金沢,9,2,ビービーディーン,45.97591329764391,6.0,,9.0,202246111309
2022-11-13,金沢,9,7,シルバーグラス,43.152929612707666,7.0,,9.0,202246111309
2022-11-13,金沢,9,5,アイムアグレッシブ,42.2516912418794,8.0,,9.0,202246111309
2022-11-13,金沢,9,10,エクセルレジェンド,41.95924857587664,9.0,,9.0,202246111309
2022-11-13,金沢,9,6,トーテムポール,39.70502302458875,10.0,,9.0,202246111309
2022-11-13,金沢,10,10,チャリタブルソート,71.64145517423636,1.0,,3.0,202246111310
2022-11-13,金沢,10,12,ビーブルー,56.58628478024046,2.0,,3.0,202246111310
2022-11-13,金沢,10,3,グッドオールド,55.41213860623094,3.0,,3.0,202246111310
2022-11-13,金沢,10,7,マイネルリリーフ,54.38368636663924,4.0,,3.0,202246111310
2022-11-13,金沢,10,6,オーミロゼッタ,49.50799673264306,5.0,,3.0,202246111310
2022-11-13,金沢,10,8,タマモトレゾール,49.131992289517235,6.0,,3.0,202246111310
2022-11-13,金沢,10,11,エイシンギフト,48.53262142193306,7.0,,3.0,202246111310
2022-11-13,金沢,10,5,ポロス,47.534298538257985,8.0,,3.0,202246111310
2022-11-13,金沢,10,4,コスモシェルパ,45.853511905258344,9.0,,3.0,202246111310
2022-11-13,金沢,10,2,ドリームバンドーム,45.09913037225393,10.0,,3.0,202246111310
2022-11-13,金沢,10,9,エムザックヒーロー,41.919910916694576,11.0,,3.0,202246111310
2022-11-13,金沢,10,1,エイリアス,34.3969728960939,12.0,,3.0,202246111310
2022-11-13,金沢,11,9,タイサイ,64.60677777103474,1.0,,10.0,202246111311
2022-11-13,金沢,11,6,ウラノメトリア,58.867858174766006,2.0,,10.0,202246111311
2022-11-13,金沢,11,5,アンタンスルフレ,54.89179072734236,3.0,,10.0,202246111311
2022-11-13,金沢,11,2,アイアムレジェンド,51.929596940860705,4.0,,10.0,202246111311
2022-11-13,金沢,11,4,テルペリオン,50.3768390694089,5.0,,10.0,202246111311
2022-11-13,金沢,11,8,ブレーヴユニコーン,49.56333143313178,6.0,,10.0,202246111311
2022-11-13,金沢,11,7,マコトガラハッド,45.48610369943269,7.0,,10.0,202246111311
2022-11-13,金沢,11,1,エイトマイル,38.65102990123218,8.0,,10.0,202246111311
2022-11-13,金沢,11,3,フューリアス,35.62667228279041,9.0,,10.0,202246111311
2022-11-13,高知,1,2,エムティドン,66.10734385533172,1.0,,5.0,202254111301
2022-11-13,高知,1,1,シュペールミミ,64.24203366380931,2.0,,5.0,202254111301
2022-11-13,高知,1,8,シシガオウ,52.65553770157186,3.0,,5.0,202254111301
2022-11-13,高知,1,5,エスケーアトラス,51.14026198601294,4.0,,5.0,202254111301
2022-11-13,高知,1,6,マナブライト,47.55042215151481,5.0,,5.0,202254111301
2022-11-13,高知,1,4,ニシケンカーラ,43.529229820956566,6.0,,5.0,202254111301
2022-11-13,高知,1,3,レラカムイ,42.80558242853578,7.0,,5.0,202254111301
2022-11-13,高知,1,9,ジョウショーセリア,41.08730516952003,8.0,,5.0,202254111301
2022-11-13,高知,1,7,ダレカノカゼノアト,40.88228322274698,9.0,,5.0,202254111301
2022-11-13,高知,2,6,アポロセイラン,66.20650496188915,1.0,,4.0,202254111302
2022-11-13,高知,2,10,スケサンカクサン,63.42826482179437,2.0,,4.0,202254111302
2022-11-13,高知,2,1,インペリアス,56.77145368746322,3.0,,4.0,202254111302
2022-11-13,高知,2,7,サクラアスター,55.56096151213757,4.0,,4.0,202254111302
2022-11-13,高知,2,4,コスモセレナ,47.464563155581104,5.0,,4.0,202254111302
2022-11-13,高知,2,8,サンライズアミーゴ,43.83568148799992,6.0,,4.0,202254111302
2022-11-13,高知,2,3,イポラニ,43.037926287512526,7.0,,4.0,202254111302
2022-11-13,高知,2,9,ボールドマーカー,42.73870977284079,8.0,,4.0,202254111302
2022-11-13,高知,2,2,ボーントゥレイン,41.59566480150171,9.0,,4.0,202254111302
2022-11-13,高知,2,5,マイネルバルビゾン,39.3602695112799,10.0,,4.0,202254111302
2022-11-13,高知,3,4,ビービーレガロ,69.3764659079419,1.0,,2.0,202254111303
2022-11-13,高知,3,1,スリーヘリオス,60.40699548975176,2.0,,2.0,202254111303
2022-11-13,高知,3,9,ブラックアリエス,57.95761867256769,3.0,,2.0,202254111303
2022-11-13,高知,3,12,ワグナーコーヴ,55.13585625887629,4.0,,2.0,202254111303
2022-11-13,高知,3,5,メイショウワダイコ,51.73754417284635,5.0,,2.0,202254111303
2022-11-13,高知,3,7,ハウドベルク,50.55927613200096,6.0,,2.0,202254111303
2022-11-13,高知,3,11,アルトキュムラス,48.88417065876888,7.0,,2.0,202254111303
2022-11-13,高知,3,2,ブルーホープ,44.901607962757865,8.0,,2.0,202254111303
2022-11-13,高知,3,8,シェノン,43.39826041038155,9.0,,2.0,202254111303
2022-11-13,高知,3,6,ビッグタイマー,42.994812551809616,10.0,,2.0,202254111303
2022-11-13,高知,3,3,ウッドランズ,38.355414392472355,11.0,,2.0,202254111303
2022-11-13,高知,3,10,ホットポッド,36.29197738982462,12.0,,2.0,202254111303
2022-11-13,高知,4,5,ミッドナイトミニー,63.60043353689443,1.0,,8.0,202254111304
2022-11-13,高知,4,10,バンブープリン,62.052505532173996,2.0,,8.0,202254111304
2022-11-13,高知,4,7,ルミナスゲート,58.920347628249,3.0,,8.0,202254111304
2022-11-13,高知,4,9,ヤングブラッド,55.330646241305686,4.0,,8.0,202254111304
2022-11-13,高知,4,2,オーシャンアイ,51.301160372224146,5.0,,8.0,202254111304
2022-11-13,高知,4,8,アイルビーメジャー,45.618766396484936,6.0,,8.0,202254111304
2022-11-13,高知,4,4,ムサシフウジン,43.411709404446796,7.0,,8.0,202254111304
2022-11-13,高知,4,1,ハイアーグラウンド,43.26732231166453,8.0,,8.0,202254111304
2022-11-13,高知,4,6,シュプリームゾーン,38.591480776218035,9.0,,8.0,202254111304
2022-11-13,高知,4,3,サノノショウグン,37.90562780033755,10.0,,8.0,202254111304
2022-11-13,高知,5,5,アンデュレイト,63.108204103567914,1.0,,11.0,202254111305
2022-11-13,高知,5,6,アスクマンカップ,61.41464807596802,2.0,,11.0,202254111305
2022-11-13,高知,5,2,バイエニーチャンス,54.98627037975007,3.0,,11.0,202254111305
2022-11-13,高知,5,1,シンシアハート,49.772497287523194,4.0,,11.0,202254111305
2022-11-13,高知,5,8,ファインヒューズ,46.40256875445942,5.0,,11.0,202254111305
2022-11-13,高知,5,7,シシークラリス,46.2312115251243,6.0,,11.0,202254111305
2022-11-13,高知,5,3,リトルマンマミーア,44.097199747261456,7.0,,11.0,202254111305
2022-11-13,高知,5,4,ドゥオンフルール,33.98740012634572,8.0,,11.0,202254111305
2022-11-13,高知,6,9,グランニコラシカ,63.296337767028426,1.0,,9.0,202254111306
2022-11-13,高知,6,8,バンディエラ,60.12771709676882,2.0,,9.0,202254111306
2022-11-13,高知,6,6,ホーカスポーカス,52.19356806295809,3.0,,9.0,202254111306
2022-11-13,高知,6,1,アヴァント,52.08136517085208,4.0,,9.0,202254111306
2022-11-13,高知,6,7,エピックスター,50.052347192992954,5.0,,9.0,202254111306
2022-11-13,高知,6,2,アルマスティング,49.067792448921594,6.0,,9.0,202254111306
2022-11-13,高知,6,3,ミルグラシアス,46.692286729228684,7.0,,9.0,202254111306
2022-11-13,高知,6,4,バシリッサ,45.78954373596791,8.0,,9.0,202254111306
2022-11-13,高知,6,5,アドミラルティ,30.699041795281715,9.0,,9.0,202254111306
2022-11-13,高知,7,10,マイネルイヴィンス,66.52147738307312,1.0,,3.0,202254111307
2022-11-13,高知,7,2,トラストミー,59.372955994451814,2.0,,3.0,202254111307
2022-11-13,高知,7,7,フィロス,54.86881207998279,3.0,,3.0,202254111307
2022-11-13,高知,7,6,グロワールミノル,50.848661531860074,4.0,,3.0,202254111307
2022-11-13,高知,7,3,フォーティプリンス,48.966564415375046,5.0,,3.0,202254111307
2022-11-13,高知,7,1,コウエイタケル,48.129445317446546,6.0,,3.0,202254111307
2022-11-13,高知,7,9,ノアムサシ,48.008112007677596,7.0,,3.0,202254111307
2022-11-13,高知,7,5,ロードバイファル,46.849849530351946,8.0,,3.0,202254111307
2022-11-13,高知,7,8,ファーブラ,42.034910083883815,9.0,,3.0,202254111307
2022-11-13,高知,7,4,ヤマイチレジェンド,34.39921165589699,10.0,,3.0,202254111307
2022-11-13,高知,8,6,トミケンジョメルト,65.15148431396028,1.0,,6.0,202254111308
2022-11-13,高知,8,1,アルコーン,60.36740228317002,2.0,,6.0,202254111308
2022-11-13,高知,8,8,バルバトス,54.21446232563899,3.0,,6.0,202254111308
2022-11-13,高知,8,4,オーチャードロード,52.81584592540433,4.0,,6.0,202254111308
2022-11-13,高知,8,2,ラデツキー,51.14449053860247,5.0,,6.0,202254111308
2022-11-13,高知,8,3,オイルタウン,46.59833177699299,6.0,,6.0,202254111308
2022-11-13,高知,8,9,サノノクヒオ,43.46723069183864,7.0,,6.0,202254111308
2022-11-13,高知,8,7,フィールドドウサン,40.374875264655564,8.0,,6.0,202254111308
2022-11-13,高知,8,5,ハルノフェスタ,35.865876879737314,9.0,,6.0,202254111308
2022-11-13,高知,9,8,マイネルグリット,71.93542692193392,1.0,,1.0,202254111309
2022-11-13,高知,9,4,スダワールド,55.95694786907963,2.0,,1.0,202254111309
2022-11-13,高知,9,5,コパノフランシス,51.47900388894566,3.0,,1.0,202254111309
2022-11-13,高知,9,6,パラダイムチェンジ,49.91899033885592,4.0,,1.0,202254111309
2022-11-13,高知,9,9,エンゼルキッズ,49.45538995541506,5.0,,1.0,202254111309
2022-11-13,高知,9,1,ジェミニズ,47.75700251219412,6.0,,1.0,202254111309
2022-11-13,高知,9,2,ミッキーフォンテン,45.755550424160106,7.0,,1.0,202254111309
2022-11-13,高知,9,3,ペイシャフラッシュ,39.9612950531053,8.0,,1.0,202254111309
2022-11-13,高知,9,7,ショーンガウアー,37.7803930363101,9.0,,1.0,202254111309
2022-11-13,高知,10,7,ウインカムトゥルー,64.1051698712991,1.0,,7.0,202254111310
2022-11-13,高知,10,2,オセアジャスティス,63.998913930709335,2.0,,7.0,202254111310
2022-11-13,高知,10,4,トレイトセオリー,56.153003832554745,3.0,,7.0,202254111310
2022-11-13,高知,10,9,マイネルブロッケン,52.82885173112133,4.0,,7.0,202254111310
2022-11-13,高知,10,1,マイネルプリサイス,48.51096901856627,5.0,,7.0,202254111310
2022-11-13,高知,10,5,コパノジャンピング,47.71236793315866,6.0,,7.0,202254111310
2022-11-13,高知,10,6,アセイラント,47.55631418862329,7.0,,7.0,202254111310
2022-11-13,高知,10,3,メイショウハート,46.344213605209575,8.0,,7.0,202254111310
2022-11-13,高知,10,10,エスシーヴァローナ,38.78282876316004,9.0,,7.0,202254111310
2022-11-13,高知,10,8,タイムオブザーバー,34.00736712559753,10.0,,7.0,202254111310
2022-11-13,高知,12,11,チアアップ,63.13623675712872,1.0,,10.0,202254111312
2022-11-13,高知,12,4,セレンディピア,62.82900769673577,2.0,,10.0,202254111312
2022-11-13,高知,12,10,プライムエルフ,54.866361650154644,3.0,,10.0,202254111312
2022-11-13,高知,12,2,ラヴレイアード,52.58534161942805,4.0,,10.0,202254111312
2022-11-13,高知,12,9,メイショウカンキ,49.978532307472605,5.0,,10.0,202254111312
2022-11-13,高知,12,5,ハッピーテーラー,49.54166179014934,6.0,,10.0,202254111312
2022-11-13,高知,12,3,ホウオウサマンサ,47.60821188502034,7.0,,10.0,202254111312
2022-11-13,高知,12,1,キモンボーイ,47.22952315218592,8.0,,10.0,202254111312
2022-11-13,高知,12,8,ベルイルアンメール,46.28445887990863,9.0,,10.0,202254111312
2022-11-13,高知,12,6,エガオガキュート,45.433088646104466,10.0,,10.0,202254111312
2022-11-13,高知,12,7,トミノヴェール,30.50757561571167,11.0,,10.0,202254111312
2022-11-13,佐賀,1,1,スワンボート,65.30352573120459,1.0,,7.0,202255111301
2022-11-13,佐賀,1,3,クロミチャン,65.2976666141814,2.0,,7.0,202255111301
2022-11-13,佐賀,1,6,ポケットカラキュン,56.10107490136494,3.0,,7.0,202255111301
2022-11-13,佐賀,1,8,サフランブライト,55.37277651082456,4.0,,7.0,202255111301
2022-11-13,佐賀,1,9,チャンティック,45.71935297828829,5.0,,7.0,202255111301
2022-11-13,佐賀,1,5,コスモアピール,45.51248951919956,6.0,,7.0,202255111301
2022-11-13,佐賀,1,4,テイエムサンボーイ,45.24942872321055,7.0,,7.0,202255111301
2022-11-13,佐賀,1,2,ウインパーチェ,41.351257791199615,8.0,,7.0,202255111301
2022-11-13,佐賀,1,10,ヨシンマックス,40.36740269130697,9.0,,7.0,202255111301
2022-11-13,佐賀,1,7,レイワガール,39.72502453921982,10.0,,7.0,202255111301
2022-11-13,佐賀,2,2,イレギュラー,67.96246829307913,1.0,,6.0,202255111302
2022-11-13,佐賀,2,4,ダンツカリフ,60.13856131610098,2.0,,6.0,202255111302
2022-11-13,佐賀,2,3,アナザーゲート,52.909217335578845,3.0,,6.0,202255111302
2022-11-13,佐賀,2,9,リナチャン,52.747941347711404,4.0,,6.0,202255111302
2022-11-13,佐賀,2,7,マルカブレーブ,51.406738402416735,5.0,,6.0,202255111302
2022-11-13,佐賀,2,5,ニシノユヅキ,50.95711767542629,6.0,,6.0,202255111302
2022-11-13,佐賀,2,10,ミユキパーフェクト,43.20673853297025,7.0,,6.0,202255111302
2022-11-13,佐賀,2,1,アペリラルビー,42.50473330262086,8.0,,6.0,202255111302
2022-11-13,佐賀,2,8,グリンヴァ,42.01294610584979,9.0,,6.0,202255111302
2022-11-13,佐賀,2,6,クナップフラウ,36.153537688245635,10.0,,6.0,202255111302
2022-11-13,佐賀,3,8,パフュームリボン,74.38783321830928,1.0,,1.0,202255111303
2022-11-13,佐賀,3,2,モトチカ,55.001041519785446,2.0,,1.0,202255111303
2022-11-13,佐賀,3,3,ミレッシモ,54.271958958959715,3.0,,1.0,202255111303
2022-11-13,佐賀,3,7,モンストロ,50.364515111221394,4.0,,1.0,202255111303
2022-11-13,佐賀,3,9,ミスティハート,47.99073883222866,5.0,,1.0,202255111303
2022-11-13,佐賀,3,1,エルヴィラブレイン,45.90610969682122,6.0,,1.0,202255111303
2022-11-13,佐賀,3,10,エムオーシャーク,44.84104914294551,7.0,,1.0,202255111303
2022-11-13,佐賀,3,5,マオノルカン,43.73100295706085,8.0,,1.0,202255111303
2022-11-13,佐賀,3,6,パドクロア,41.82489436455709,9.0,,1.0,202255111303
2022-11-13,佐賀,3,4,オラクトゥール,41.68085619811042,10.0,,1.0,202255111303
2022-11-13,佐賀,4,9,ジュンハガクレ,71.38632472934793,1.0,,3.0,202255111304
2022-11-13,佐賀,4,1,エムオーイキマス,54.924373231843596,2.0,,3.0,202255111304
2022-11-13,佐賀,4,4,サツマハヤト,51.26316977239964,3.0,,3.0,202255111304
2022-11-13,佐賀,4,3,ダバイホークス,49.392428559211886,4.0,,3.0,202255111304
2022-11-13,佐賀,4,7,フミタツビックバン,49.25974748610988,5.0,,3.0,202255111304
2022-11-13,佐賀,4,5,タケノエイコウ,49.252106502163684,6.0,,3.0,202255111304
2022-11-13,佐賀,4,8,ロトクローバー,44.521718509376726,7.0,,3.0,202255111304
2022-11-13,佐賀,4,2,カンナリ,43.62865230036782,8.0,,3.0,202255111304
2022-11-13,佐賀,4,6,ビフォーダクセーラ,36.37147890917851,9.0,,3.0,202255111304
2022-11-13,佐賀,5,8,チャールストン,70.1262058147244,1.0,,4.0,202255111305
2022-11-13,佐賀,5,1,アイフォーユー,63.472502232348454,2.0,,4.0,202255111305
2022-11-13,佐賀,5,9,ライジングセーラ,54.11774566554507,3.0,,4.0,202255111305
2022-11-13,佐賀,5,7,ピヨピヨピピピ,48.86984928609955,4.0,,4.0,202255111305
2022-11-13,佐賀,5,6,ファインキャプテン,46.16076408811978,5.0,,4.0,202255111305
2022-11-13,佐賀,5,5,ジャスタクイーン,45.24958577662853,6.0,,4.0,202255111305
2022-11-13,佐賀,5,2,ダバイマリチック,45.236987696882125,7.0,,4.0,202255111305
2022-11-13,佐賀,5,3,スティルアリス,43.87766305502724,8.0,,4.0,202255111305
2022-11-13,佐賀,5,10,ハートリンク,43.5984749865443,9.0,,4.0,202255111305
2022-11-13,佐賀,5,4,リュウノサボ,39.290221398080696,10.0,,4.0,202255111305
2022-11-13,佐賀,6,4,ブレイブアモーレ,60.64584974206382,1.0,0.0,10.0,202255111306
2022-11-13,佐賀,6,2,イチノコマチ,59.89979777862457,2.0,0.0,10.0,202255111306
2022-11-13,佐賀,6,7,ネオシエル,58.6954964003709,3.0,0.0,10.0,202255111306
2022-11-13,佐賀,6,3,ミヤノウッドリー,57.844095682847666,4.0,1.0,10.0,202255111306
2022-11-13,佐賀,6,10,テイエムジンキュウ,49.84970560948827,5.0,0.0,10.0,202255111306
2022-11-13,佐賀,6,9,アストライオス,48.32182308592631,6.0,14.4,10.0,202255111306
2022-11-13,佐賀,6,6,ニューホライゾン,45.7258856751193,7.0,0.0,10.0,202255111306
2022-11-13,佐賀,6,1,キンキラキン,43.58620836413837,8.0,14.4,10.0,202255111306
2022-11-13,佐賀,6,8,モーモーレッド,43.337921816730486,9.0,14.4,10.0,202255111306
2022-11-13,佐賀,6,5,フークレグルス,32.09321584469045,10.0,0.0,10.0,202255111306
2022-11-13,佐賀,7,8,スパニエル,62.83268101966496,1.0,,9.0,202255111307
2022-11-13,佐賀,7,9,サンヨースマイル,61.52909286271479,2.0,,9.0,202255111307
2022-11-13,佐賀,7,7,スーパービーム,60.202365735749424,3.0,,9.0,202255111307
2022-11-13,佐賀,7,3,トゥーヤング,52.548643309835704,4.0,,9.0,202255111307
2022-11-13,佐賀,7,1,カシノオラフ,51.025214476338434,5.0,,9.0,202255111307
2022-11-13,佐賀,7,4,シゲルサンヨ,47.37926884943093,6.0,,9.0,202255111307
2022-11-13,佐賀,7,6,パラリーガル,46.15077170154986,7.0,,9.0,202255111307
2022-11-13,佐賀,7,2,ミキノルミナス,44.91405119351805,8.0,,9.0,202255111307
2022-11-13,佐賀,7,5,クラウドナイン,39.03252698056532,9.0,,9.0,202255111307
2022-11-13,佐賀,7,10,エイシンアルゴス,34.385383870632204,10.0,,9.0,202255111307
2022-11-13,佐賀,8,11,アドベンチャーベイ,69.02418878740043,1.0,,5.0,202255111308
2022-11-13,佐賀,8,7,ウォーボーイ,62.525222083608824,2.0,,5.0,202255111308
2022-11-13,佐賀,8,6,ハードキャリー,58.2803821640823,3.0,,5.0,202255111308
2022-11-13,佐賀,8,3,ラスリングプレス,52.314317934475035,4.0,,5.0,202255111308
2022-11-13,佐賀,8,2,シゲルスコーピオン,51.88169181360567,5.0,,5.0,202255111308
2022-11-13,佐賀,8,4,ソイヤソイヤソイヤ,51.23863198593511,6.0,,5.0,202255111308
2022-11-13,佐賀,8,12,ムーンパスゴーゴー,46.88419648385626,7.0,,5.0,202255111308
2022-11-13,佐賀,8,10,カシノスパイス,44.67661722841561,8.0,,5.0,202255111308
2022-11-13,佐賀,8,8,ジャスティスボス,44.55933106661756,9.0,,5.0,202255111308
2022-11-13,佐賀,8,5,ハナハナビスケット,42.75443680291504,10.0,,5.0,202255111308
2022-11-13,佐賀,8,9,ジャスタワンウルフ,41.48821620110735,11.0,,5.0,202255111308
2022-11-13,佐賀,8,1,タイムオブリンリ,34.37276744798099,12.0,,5.0,202255111308
2022-11-13,佐賀,9,10,コスモサルム,73.1878385509149,1.0,,2.0,202255111309
2022-11-13,佐賀,9,5,ユーアーマイソウル,59.045485382380875,2.0,,2.0,202255111309
2022-11-13,佐賀,9,8,クリスタルハート,50.898157690985514,3.0,,2.0,202255111309
2022-11-13,佐賀,9,2,ユアザオンリー,48.700736638024395,4.0,,2.0,202255111309
2022-11-13,佐賀,9,6,キングオブチェス,46.99243472038434,5.0,,2.0,202255111309
2022-11-13,佐賀,9,7,アストラガルス,46.4887008017952,6.0,,2.0,202255111309
2022-11-13,佐賀,9,3,フォアラドゥング,46.244379750011646,7.0,,2.0,202255111309
2022-11-13,佐賀,9,1,ピーチリキュール,45.962937891771375,8.0,,2.0,202255111309
2022-11-13,佐賀,9,9,モダンローズ,43.31143532316847,9.0,,2.0,202255111309
2022-11-13,佐賀,9,4,ロードエルピス,39.16789325056375,10.0,,2.0,202255111309
2022-11-13,佐賀,10,7,シゲルマツタケ,63.872946674481966,1.0,,8.0,202255111310
2022-11-13,佐賀,10,1,シウラグランデ,60.84985153027534,2.0,,8.0,202255111310
2022-11-13,佐賀,10,10,ムーンオブザクイン,58.83765994187166,3.0,,8.0,202255111310
2022-11-13,佐賀,10,5,サンマルマオリオ,58.008234604737815,4.0,,8.0,202255111310
2022-11-13,佐賀,10,11,シャーベットフィズ,48.977739434326516,5.0,,8.0,202255111310
2022-11-13,佐賀,10,9,マイネルテナシャス,48.44645869863102,6.0,,8.0,202255111310
2022-11-13,佐賀,10,2,モリデンスター,47.31370899297873,7.0,,8.0,202255111310
2022-11-13,佐賀,10,4,ブラーブサージュ,46.80575985564687,8.0,,8.0,202255111310
2022-11-13,佐賀,10,8,プリマステラ,43.66851696960269,9.0,,8.0,202255111310
2022-11-13,佐賀,10,6,ショーシンイ,37.20847112743812,10.0,,8.0,202255111310
2022-11-13,佐賀,10,3,セカイノホシ,36.01065217000932,11.0,,8.0,202255111310
2022-11-14,盛岡,1,1,ヤマニンエピュレ,69.6014497045382,1.0,,3.0,202235111401
2022-11-14,盛岡,1,7,カミデセンプウ,54.79971641855853,2.0,,3.0,202235111401
2022-11-14,盛岡,1,3,ルクスリリー,51.430772139610724,3.0,,3.0,202235111401
2022-11-14,盛岡,1,4,ミルキー,49.861868301698166,4.0,,3.0,202235111401
2022-11-14,盛岡,1,8,ユニティコ,46.6598846556697,5.0,,3.0,202235111401
2022-11-14,盛岡,1,6,アンドレア,45.59617288654557,6.0,,3.0,202235111401
2022-11-14,盛岡,1,5,ベルマリエ,42.728564299567964,7.0,,3.0,202235111401
2022-11-14,盛岡,1,2,シュルプリーズ,39.321571593811065,8.0,,3.0,202235111401
2022-11-14,盛岡,2,2,ホイッスルヴォイス,66.57249301595584,1.0,,7.0,202235111402
2022-11-14,盛岡,2,7,シャイニーダイヤ,54.709837310397866,2.0,,7.0,202235111402
2022-11-14,盛岡,2,1,ドラゴンツリー,53.841793233924285,3.0,,7.0,202235111402
2022-11-14,盛岡,2,6,パリノホノオ,52.61326187425086,4.0,,7.0,202235111402
2022-11-14,盛岡,2,5,ソウダチ,49.99507356280289,5.0,,7.0,202235111402
2022-11-14,盛岡,2,8,クリアウェーブ,43.972223138945104,6.0,,7.0,202235111402
2022-11-14,盛岡,2,4,ジュアン,40.40860195185208,7.0,,7.0,202235111402
2022-11-14,盛岡,2,3,ベギーアデ,37.88671591187126,8.0,,7.0,202235111402
2022-11-14,盛岡,3,8,ヤマニンドールアイ,66.98019682048199,1.0,,6.0,202235111403
2022-11-14,盛岡,3,1,マントゥノン,56.89451040324633,2.0,,6.0,202235111403
2022-11-14,盛岡,3,10,モカ,56.19860946403758,3.0,,6.0,202235111403
2022-11-14,盛岡,3,7,サンシャインキッド,53.38745763571927,4.0,,6.0,202235111403
2022-11-14,盛岡,3,3,リックタンジロウ,50.41309476219303,5.0,,6.0,202235111403
2022-11-14,盛岡,3,5,ディライトラッシュ,48.32669030503847,6.0,,6.0,202235111403
2022-11-14,盛岡,3,9,チェリーメガイラ,47.98273611782566,7.0,,6.0,202235111403
2022-11-14,盛岡,3,2,サソリザ,45.90287698684447,8.0,,6.0,202235111403
2022-11-14,盛岡,3,6,ダンシングスター,41.127017348744346,9.0,,6.0,202235111403
2022-11-14,盛岡,3,4,ジュリアドリーム,32.78681015586901,10.0,,6.0,202235111403
2022-11-14,盛岡,4,4,シャイニーデューク,72.17976776072271,1.0,,1.0,202235111404
2022-11-14,盛岡,4,5,フェスティヴベッラ,59.1269225789502,2.0,,1.0,202235111404
2022-11-14,盛岡,4,3,ビクロイ,54.894784653845846,3.0,,1.0,202235111404
2022-11-14,盛岡,4,8,エリックバローズ,49.19611601659926,4.0,,1.0,202235111404
2022-11-14,盛岡,4,6,マロンブリンク,47.57405508188346,5.0,,1.0,202235111404
2022-11-14,盛岡,4,2,スピーチレス,47.27897785675945,6.0,,1.0,202235111404
2022-11-14,盛岡,4,1,ティアーズインロゼ,46.39828092867366,7.0,,1.0,202235111404
2022-11-14,盛岡,4,7,ゼルター,42.83363902798197,8.0,,1.0,202235111404
2022-11-14,盛岡,4,10,マオノクララ,41.275580751715665,9.0,,1.0,202235111404
2022-11-14,盛岡,4,9,エドノテムペスタ,39.24187534286844,10.0,,1.0,202235111404
2022-11-14,盛岡,6,1,エルメルクリオ,69.03624556496307,1.0,,4.0,202235111406
2022-11-14,盛岡,6,5,エイシンメテオラ,56.24632183695748,2.0,,4.0,202235111406
2022-11-14,盛岡,6,6,リッキーナイト,55.634598883641246,3.0,,4.0,202235111406
2022-11-14,盛岡,6,7,ペルトラン,55.57008188608861,4.0,,4.0,202235111406
2022-11-14,盛岡,6,3,アサップ,49.67632604381477,5.0,,4.0,202235111406
2022-11-14,盛岡,6,10,クラベルブランコ,47.59247318096478,6.0,,4.0,202235111406
2022-11-14,盛岡,6,9,マツリダワールド,47.10094266821021,7.0,,4.0,202235111406
2022-11-14,盛岡,6,8,マルケイヴェラ,40.70775503498317,8.0,,4.0,202235111406
2022-11-14,盛岡,6,4,ラブバイオレット,39.250444450219106,9.0,,4.0,202235111406
2022-11-14,盛岡,6,2,ウルフヴェローチェ,39.184810450158636,10.0,,4.0,202235111406
2022-11-14,盛岡,7,4,ミヤコプレジール,70.62035720368652,1.0,,2.0,202235111407
2022-11-14,盛岡,7,7,トルマリ,60.78174020847216,2.0,,2.0,202235111407
2022-11-14,盛岡,7,8,シュゼット,53.893326771629674,3.0,,2.0,202235111407
2022-11-14,盛岡,7,6,ヒカルマドンナ,52.91551245262449,4.0,,2.0,202235111407
2022-11-14,盛岡,7,3,ダコタブラックヒル,52.71903693757927,5.0,,2.0,202235111407
2022-11-14,盛岡,7,9,ヤマジュンサルサ,46.018699671087035,6.0,,2.0,202235111407
2022-11-14,盛岡,7,1,ビッグタマテルーフ,43.90854995207701,7.0,,2.0,202235111407
2022-11-14,盛岡,7,2,アナト,43.537988107476636,8.0,,2.0,202235111407
2022-11-14,盛岡,7,10,ラフレシアオジョー,43.52350349178475,9.0,,2.0,202235111407
2022-11-14,盛岡,7,11,コンカルノー,43.27574411600277,10.0,,2.0,202235111407
2022-11-14,盛岡,7,5,ユキノマツシマ,38.80554108757978,11.0,,2.0,202235111407
2022-11-14,盛岡,8,2,ヤマニンエステル,64.78471953860448,1.0,,10.0,202235111408
2022-11-14,盛岡,8,11,アスマスティーブ,59.21779989320606,2.0,,10.0,202235111408
2022-11-14,盛岡,8,9,アナンクス,58.156833120085665,3.0,,10.0,202235111408
2022-11-14,盛岡,8,1,ツルマルオーソ,56.07121635814028,4.0,,10.0,202235111408
2022-11-14,盛岡,8,10,ゲンパチカイナル,51.97651669676547,5.0,,10.0,202235111408
2022-11-14,盛岡,8,5,ロックオンエイム,50.340784447932336,6.0,,10.0,202235111408
2022-11-14,盛岡,8,3,コアドライヴ,48.321250976208276,7.0,,10.0,202235111408
2022-11-14,盛岡,8,12,マイネルエメ,47.88786703619777,8.0,,10.0,202235111408
2022-11-14,盛岡,8,6,セイシーキング,46.41358035559605,9.0,,10.0,202235111408
2022-11-14,盛岡,8,7,フォルエルドラド,42.17582556525696,10.0,,10.0,202235111408
2022-11-14,盛岡,8,8,ダンサーズドリーム,39.88227094332474,11.0,,10.0,202235111408
2022-11-14,盛岡,8,4,フェザーノユメ,34.77133506868341,12.0,,10.0,202235111408
2022-11-14,盛岡,9,10,アンジュレーヴ,60.98851720574799,1.0,,11.0,202235111409
2022-11-14,盛岡,9,8,サクラブチャン,57.1600573624415,2.0,,11.0,202235111409
2022-11-14,盛岡,9,9,ボーヴィヴィエンヌ,57.14314262958946,3.0,,11.0,202235111409
2022-11-14,盛岡,9,1,プチョヘンザ,55.989600982976874,4.0,,11.0,202235111409
2022-11-14,盛岡,9,2,トワイライトビギン,55.56708401515411,5.0,,11.0,202235111409
2022-11-14,盛岡,9,5,ハッピーアロー,52.597322676117,6.0,,11.0,202235111409
2022-11-14,盛岡,9,3,ワールンガ,47.6678472729685,7.0,,11.0,202235111409
2022-11-14,盛岡,9,7,ナイトアルニラム,42.691307815449505,8.0,,11.0,202235111409
2022-11-14,盛岡,9,4,グーテオヌール,37.48714585987105,9.0,,11.0,202235111409
2022-11-14,盛岡,9,6,マニカルニカ,32.7079741796848,10.0,,11.0,202235111409
2022-11-14,盛岡,10,9,グラフィアスレディ,65.20425991216165,1.0,,8.0,202235111410
2022-11-14,盛岡,10,6,ヤーラシカ,60.06337883445406,2.0,,8.0,202235111410
2022-11-14,盛岡,10,10,ズアー,58.61302265683179,3.0,,8.0,202235111410
2022-11-14,盛岡,10,11,ゴーゴーレインボー,56.99545300874526,4.0,,8.0,202235111410
2022-11-14,盛岡,10,4,フレンドジェイ,50.05972059670685,5.0,,8.0,202235111410
2022-11-14,盛岡,10,2,キーポジション,49.21858523840031,6.0,,8.0,202235111410
2022-11-14,盛岡,10,1,ムーンフェアリー,48.685642827023315,7.0,,8.0,202235111410
2022-11-14,盛岡,10,3,ソレンニータ,48.08510859190194,8.0,,8.0,202235111410
2022-11-14,盛岡,10,5,サンパリス,38.616150131220294,9.0,,8.0,202235111410
2022-11-14,盛岡,10,7,ビバリークイーン,37.2525492690214,10.0,,8.0,202235111410
2022-11-14,盛岡,10,8,ボルドープラージュ,37.20612893353311,11.0,,8.0,202235111410
2022-11-14,盛岡,11,2,ベアフィールド,65.09801757641506,1.0,,9.0,202235111411
2022-11-14,盛岡,11,9,ナンデフェスティヴ,58.403488301178015,2.0,,9.0,202235111411
2022-11-14,盛岡,11,7,トーセンマッシモ,58.17358422307633,3.0,,9.0,202235111411
2022-11-14,盛岡,11,5,セイシークエンス,57.88381104442307,4.0,,9.0,202235111411
2022-11-14,盛岡,11,11,トキノノゾミ,53.64317192454907,5.0,,9.0,202235111411
2022-11-14,盛岡,11,8,ロジフェーヴル,50.84910934828602,6.0,,9.0,202235111411
2022-11-14,盛岡,11,3,エイジ,45.64205246645935,7.0,,9.0,202235111411
2022-11-14,盛岡,11,4,エクスポーネント,43.45672589549551,8.0,,9.0,202235111411
2022-11-14,盛岡,11,10,チスジ,43.13735642301042,9.0,,9.0,202235111411
2022-11-14,盛岡,11,6,モーモーブラック,38.3808101901541,10.0,,9.0,202235111411
2022-11-14,盛岡,11,1,ルスキーユ,35.33187260695385,11.0,,9.0,202235111411
2022-11-14,盛岡,12,8,ハピネスガッサン,67.39480610594768,1.0,,5.0,202235111412
2022-11-14,盛岡,12,10,フルミント,56.70230077525844,2.0,,5.0,202235111412
2022-11-14,盛岡,12,6,アメリカンポーロ,56.375573717513035,3.0,,5.0,202235111412
2022-11-14,盛岡,12,1,ボウトロイ,56.12324400999377,4.0,,5.0,202235111412
2022-11-14,盛岡,12,11,ツーエムアリエス,55.51650270051353,5.0,,5.0,202235111412
2022-11-14,盛岡,12,5,シルバーリング,52.53461573427978,6.0,,5.0,202235111412
2022-11-14,盛岡,12,4,キズナビーム,42.39885464085356,7.0,,5.0,202235111412
2022-11-14,盛岡,12,7,チェリーベルツ,42.02748631163476,8.0,,5.0,202235111412
2022-11-14,盛岡,12,2,コーラル,40.9741151704563,9.0,,5.0,202235111412
2022-11-14,盛岡,12,9,マイネルスキーブ,40.765563685508596,10.0,,5.0,202235111412
2022-11-14,盛岡,12,3,メトリカ,39.18693714804127,11.0,,5.0,202235111412
2022-11-14,大井,2,10,ダイコクテン,73.57254999705191,1.0,,2.0,202244111402
2022-11-14,大井,2,1,カゼノハーモニー,57.00951554565309,2.0,,2.0,202244111402
2022-11-14,大井,2,8,セクシーマインド,54.48591774323994,3.0,,2.0,202244111402
2022-11-14,大井,2,11,エンチャント,51.01528637809743,4.0,,2.0,202244111402
2022-11-14,大井,2,4,アンタイド,49.726875770732974,5.0,,2.0,202244111402
2022-11-14,大井,2,3,エイワキャントレー,49.4822639994801,6.0,,2.0,202244111402
2022-11-14,大井,2,5,エスディージーズ,48.49489313393073,7.0,,2.0,202244111402
2022-11-14,大井,2,12,イノデブレイク,47.4852952188142,8.0,,2.0,202244111402
2022-11-14,大井,2,9,サミコ,45.172188329924865,9.0,,2.0,202244111402
2022-11-14,大井,2,6,ホクセンダンスキイ,44.119960266987,10.0,,2.0,202244111402
2022-11-14,大井,2,7,ズーパー,42.76243245856046,11.0,,2.0,202244111402
2022-11-14,大井,2,2,ダンシングラスカル,36.672821157527515,12.0,,2.0,202244111402
2022-11-14,大井,6,11,イーストリバー,69.54459606176864,1.0,,4.0,202244111406
2022-11-14,大井,6,3,アイスラリマー,59.49993998163997,2.0,,4.0,202244111406
2022-11-14,大井,6,8,カフェジュリア,58.18821356422303,3.0,,4.0,202244111406
2022-11-14,大井,6,4,トニージャスティス,56.86590552808861,4.0,,4.0,202244111406
2022-11-14,大井,6,5,ラピッドフォール,52.45755324991646,5.0,,4.0,202244111406
2022-11-14,大井,6,9,テナチュール,50.86504903368966,6.0,,4.0,202244111406
2022-11-14,大井,6,12,ハピコ,50.85035740914548,7.0,,4.0,202244111406
2022-11-14,大井,6,7,タイムパワー,48.21277407258174,8.0,,4.0,202244111406
2022-11-14,大井,6,6,フリュート,47.13369530728139,9.0,,4.0,202244111406
2022-11-14,大井,6,1,クラウンスター,46.769734507082845,10.0,,4.0,202244111406
2022-11-14,大井,6,2,アレアンサンブル,46.54072845765063,11.0,,4.0,202244111406
2022-11-14,大井,6,10,イチフジプリンス,43.490180111463324,12.0,,4.0,202244111406
2022-11-14,大井,6,14,カフジリブラ,38.79912763069105,13.0,,4.0,202244111406
2022-11-14,大井,6,13,ブリランテイモン,30.78214508477724,14.0,,4.0,202244111406
2022-11-14,大井,7,11,リアルファンタジア,70.29169023264079,1.0,,3.0,202244111407
2022-11-14,大井,7,1,イルフェソレイユ,60.100587782644354,2.0,,3.0,202244111407
2022-11-14,大井,7,10,アダド,57.92248953869409,3.0,,3.0,202244111407
2022-11-14,大井,7,2,プーラン,53.583537897243076,4.0,,3.0,202244111407
2022-11-14,大井,7,4,マイネルグローバル,53.08310616162352,5.0,,3.0,202244111407
2022-11-14,大井,7,7,シビックアムレット,52.6704823711497,6.0,,3.0,202244111407
2022-11-14,大井,7,5,アースダンスレン,51.36132323780785,7.0,,3.0,202244111407
2022-11-14,大井,7,3,チアリー,48.23232419731636,8.0,,3.0,202244111407
2022-11-14,大井,7,14,ベニノサンフラワー,46.7001070074093,9.0,,3.0,202244111407
2022-11-14,大井,7,8,ハニーナイト,45.115943671711115,10.0,,3.0,202244111407
2022-11-14,大井,7,6,ワイドマティーニ,44.68717002618529,11.0,,3.0,202244111407
2022-11-14,大井,7,9,グリーンジェイド,42.4458935711055,12.0,,3.0,202244111407
2022-11-14,大井,7,13,フォルトゥナータ,38.129782547957,13.0,,3.0,202244111407
2022-11-14,大井,7,12,リヤルサイレンス,35.67556175651246,14.0,,3.0,202244111407
2022-11-14,大井,9,3,ハクアイエール,76.8528261976843,1.0,,1.0,202244111409
2022-11-14,大井,9,12,アエノジェネシス,61.775993025867855,2.0,,1.0,202244111409
2022-11-14,大井,9,15,パーペチュイティ,59.330137944517375,3.0,,1.0,202244111409
2022-11-14,大井,9,16,ズーカー,54.28282303353102,4.0,,1.0,202244111409
2022-11-14,大井,9,2,コスモマギカ,52.97955255547146,5.0,,1.0,202244111409
2022-11-14,大井,9,1,ビービーミューズ,52.061870516523165,6.0,,1.0,202244111409
2022-11-14,大井,9,9,ザンゲツ,51.07525544342607,7.0,,1.0,202244111409
2022-11-14,大井,9,11,フロリアーノ,46.894124549629,8.0,,1.0,202244111409
2022-11-14,大井,9,5,スタッカートマーチ,46.80386849919919,9.0,,1.0,202244111409
2022-11-14,大井,9,8,ムナサワギノツキ,46.002668316568624,10.0,,1.0,202244111409
2022-11-14,大井,9,4,ソルトグリーン,45.879133487090144,11.0,,1.0,202244111409
2022-11-14,大井,9,13,サッキースピネル,43.27202734158715,12.0,,1.0,202244111409
2022-11-14,大井,9,10,マルヨチアキランプ,42.14428998329656,13.0,,1.0,202244111409
2022-11-14,大井,9,6,サブノユウゼン,41.7286073956553,14.0,,1.0,202244111409
2022-11-14,大井,9,7,フライングトリップ,40.868079485683914,15.0,,1.0,202244111409
2022-11-14,大井,9,14,シャインヴィグラス,38.0487422242675,16.0,,1.0,202244111409
2022-11-14,大井,10,3,キタサンエトワール,63.91573732018344,1.0,,5.0,202244111410
2022-11-14,大井,10,15,シェーナディーヴァ,62.07160735163628,2.0,,5.0,202244111410
2022-11-14,大井,10,9,ミツバチキャット,55.33378426458626,3.0,,5.0,202244111410
2022-11-14,大井,10,14,フーレイ,54.867633957615055,4.0,,5.0,202244111410
2022-11-14,大井,10,12,サイキョウノオンナ,53.42911644263097,5.0,,5.0,202244111410
2022-11-14,大井,10,4,ウポポイ,52.72251905256316,6.0,,5.0,202244111410
2022-11-14,大井,10,7,キラットアラシ,52.53606428933558,7.0,,5.0,202244111410
2022-11-14,大井,10,11,ミルクディッパー,51.86916112542514,8.0,,5.0,202244111410
2022-11-14,大井,10,1,ハルハアケボノ,50.5837553098677,9.0,,5.0,202244111410
2022-11-14,大井,10,6,ササキンローズ,50.102824496158725,10.0,,5.0,202244111410
2022-11-14,大井,10,10,トーセンアマンダ,49.94547648142988,11.0,,5.0,202244111410
2022-11-14,大井,10,8,モッテルネ,47.1090285167839,12.0,,5.0,202244111410
2022-11-14,大井,10,13,アークリオン,46.169307801645246,13.0,,5.0,202244111410
2022-11-14,大井,10,2,クラーロイメル,43.60474970375829,14.0,,5.0,202244111410
2022-11-14,大井,10,5,エスプリジェシー,42.14141238714683,15.0,,5.0,202244111410
2022-11-14,大井,10,16,リーセフィヨルド,23.597821499234172,16.0,,5.0,202244111410
2022-11-14,笠松,1,3,プリンセスデビー,63.273554125442885,1.0,,7.0,202247111401
2022-11-14,笠松,1,5,グランアルベール,59.52798786648235,2.0,,7.0,202247111401
2022-11-14,笠松,1,1,カマンザ,50.974428175074735,3.0,,7.0,202247111401
2022-11-14,笠松,1,2,ジュングローリー,50.51539716436359,4.0,,7.0,202247111401
2022-11-14,笠松,1,8,アストロバローズ,50.43174235765966,5.0,,7.0,202247111401
2022-11-14,笠松,1,6,ワイエスクラーケン,50.34780879210025,6.0,,7.0,202247111401
2022-11-14,笠松,1,4,スマートアメトリン,42.9245671983267,7.0,,7.0,202247111401
2022-11-14,笠松,1,7,アップケーダイヤ,32.00451432054981,8.0,,7.0,202247111401
2022-11-14,笠松,2,1,アイファーユニーク,59.7578875745659,1.0,,8.0,202247111402
2022-11-14,笠松,2,4,ハンズオブストーン,58.396294651636936,2.0,,8.0,202247111402
2022-11-14,笠松,2,8,トビタマリー,57.03131166824521,3.0,,8.0,202247111402
2022-11-14,笠松,2,2,シエルエトワール,53.22293087474735,4.0,,8.0,202247111402
2022-11-14,笠松,2,6,アブノダンティア,48.614319704901895,5.0,,8.0,202247111402
2022-11-14,笠松,2,3,アジュール,47.93665729252893,6.0,,8.0,202247111402
2022-11-14,笠松,2,5,ヒルノハドソン,41.955976067925135,7.0,,8.0,202247111402
2022-11-14,笠松,2,7,ワイエスショコラ,33.084622165448835,8.0,,8.0,202247111402
2022-11-14,笠松,3,4,ヴェストヴォーグ,64.02243559012476,1.0,,6.0,202247111403
2022-11-14,笠松,3,1,マキバジョオー,58.6472799787332,2.0,,6.0,202247111403
2022-11-14,笠松,3,8,シンマイコ,56.605105481605925,3.0,,6.0,202247111403
2022-11-14,笠松,3,5,ゴールデンベリル,52.292838314946735,4.0,,6.0,202247111403
2022-11-14,笠松,3,7,ジロローザ,48.27646979145019,5.0,,6.0,202247111403
2022-11-14,笠松,3,3,ブンダクリフス,46.029421731693276,6.0,,6.0,202247111403
2022-11-14,笠松,3,6,スカイエメラルド,38.15160453397063,7.0,,6.0,202247111403
2022-11-14,笠松,3,2,アキザクラ,35.974844577475494,8.0,,6.0,202247111403
2022-11-14,笠松,5,7,コートパルフェ,65.36027892117485,1.0,,3.0,202247111405
2022-11-14,笠松,5,2,ヒルノソレント,55.827528890979885,2.0,,3.0,202247111405
2022-11-14,笠松,5,3,クリーンゲーム,54.87121833155574,3.0,,3.0,202247111405
2022-11-14,笠松,5,6,クリノサンバ,53.219265575077046,4.0,,3.0,202247111405
2022-11-14,笠松,5,4,インパチェンス,48.995283934698755,5.0,,3.0,202247111405
2022-11-14,笠松,5,8,オメガローズヒル,45.48064206897756,6.0,,3.0,202247111405
2022-11-14,笠松,5,1,サンジョノコ,41.144631644276444,7.0,,3.0,202247111405
2022-11-14,笠松,5,5,マールムキトレウム,35.10115063325988,8.0,,3.0,202247111405
2022-11-14,笠松,6,6,シャイニーメイン,64.15911067046727,1.0,,5.0,202247111406
2022-11-14,笠松,6,4,フィールドゲラン,56.1995292534378,2.0,,5.0,202247111406
2022-11-14,笠松,6,8,ブライトルビー,52.828651829463155,3.0,,5.0,202247111406
2022-11-14,笠松,6,2,ギヴァーダンク,51.5788763972798,4.0,,5.0,202247111406
2022-11-14,笠松,6,1,ヨハマンゾクジャ,50.26354627187606,5.0,,5.0,202247111406
2022-11-14,笠松,6,3,カペラスター,44.87875967360897,6.0,,5.0,202247111406
2022-11-14,笠松,6,7,クエルチア,42.20145959540842,7.0,,5.0,202247111406
2022-11-14,笠松,6,5,ナムラハリー,37.89006630845864,8.0,,5.0,202247111406
2022-11-14,笠松,7,8,ジュンバレット,64.50196101532512,1.0,,4.0,202247111407
2022-11-14,笠松,7,5,アナベル,55.336734916576134,2.0,,4.0,202247111407
2022-11-14,笠松,7,4,アイスソード,55.23129927560089,3.0,,4.0,202247111407
2022-11-14,笠松,7,1,ヌーシャテル,54.5614317507515,4.0,,4.0,202247111407
2022-11-14,笠松,7,3,ポリクシニーズ,53.830130846453315,5.0,,4.0,202247111407
2022-11-14,笠松,7,6,ヒルノオークランド,41.102989570058746,6.0,,4.0,202247111407
2022-11-14,笠松,7,7,チュウワエンペラー,38.8266478337226,7.0,,4.0,202247111407
2022-11-14,笠松,7,2,ラキリン,36.608804791511574,8.0,,4.0,202247111407
2022-11-14,笠松,9,1,ウインエイムハイ,66.05130759033548,1.0,,2.0,202247111409
2022-11-14,笠松,9,3,スキューマパーラ,54.24801900494805,2.0,,2.0,202247111409
2022-11-14,笠松,9,2,エネスク,52.08109947794435,3.0,,2.0,202247111409
2022-11-14,笠松,9,8,ゲンパチボロネーゼ,50.61299086731676,4.0,,2.0,202247111409
2022-11-14,笠松,9,7,フレンドショコラ,48.59077104222864,5.0,,2.0,202247111409
2022-11-14,笠松,9,5,クインズミント,48.00000286911225,6.0,,2.0,202247111409
2022-11-14,笠松,9,4,シャドウアルテミス,47.977310583296955,7.0,,2.0,202247111409
2022-11-14,笠松,9,6,ベラジオクイーン,32.438498564817394,8.0,,2.0,202247111409
2022-11-14,笠松,10,6,アイファーリーベン,67.93603893485174,1.0,,1.0,202247111410
2022-11-14,笠松,10,8,ラウルス,53.98087558181097,2.0,,1.0,202247111410
2022-11-14,笠松,10,5,チームケミストリー,53.25002542244226,3.0,,1.0,202247111410
2022-11-14,笠松,10,7,ローズクレスト,51.25935738200166,4.0,,1.0,202247111410
2022-11-14,笠松,10,9,ウインオリハルコン,49.652821272992256,5.0,,1.0,202247111410
2022-11-14,笠松,10,4,パパリーヌキャスト,49.01361729757349,6.0,,1.0,202247111410
2022-11-14,笠松,10,2,ビービーアリオン,44.22414819884224,7.0,,1.0,202247111410
2022-11-14,笠松,10,3,アクアエナジー,40.50732815175303,8.0,,1.0,202247111410
2022-11-14,笠松,10,1,ヤマニンアイラ,40.17578775773292,9.0,,1.0,202247111410
2022-11-15,盛岡,8,3,プリンセスロージー,64.03707057124379,1.0,,4.0,202235111508
2022-11-15,盛岡,8,5,コスモピエドラ,57.022952498573396,2.0,,4.0,202235111508
2022-11-15,盛岡,8,4,ジュンケンジー,56.73739906268148,3.0,,4.0,202235111508
2022-11-15,盛岡,8,8,ハヅキ,53.81724212090867,4.0,,4.0,202235111508
2022-11-15,盛岡,8,2,アズマヘリテージ,51.53763356016799,5.0,,4.0,202235111508
2022-11-15,盛岡,8,7,エイシンマエストロ,49.48526192198577,6.0,,4.0,202235111508
2022-11-15,盛岡,8,9,ヒストリー,45.41844498909356,7.0,,4.0,202235111508
2022-11-15,盛岡,8,6,レッツゴーゲレイロ,45.0078660194052,8.0,,4.0,202235111508
2022-11-15,盛岡,8,1,ノットオンリー,43.65930367011093,9.0,,4.0,202235111508
2022-11-15,盛岡,8,10,マニールリッヒ,33.276825585829215,10.0,,4.0,202235111508
2022-11-15,盛岡,9,8,トゥジアース,71.70556704116986,1.0,,1.0,202235111509
2022-11-15,盛岡,9,10,ラミアヴィータ,59.583850594319244,2.0,,1.0,202235111509
2022-11-15,盛岡,9,6,クレンアストロ,53.79674012024893,3.0,,1.0,202235111509
2022-11-15,盛岡,9,5,アニマート,50.7100953548765,4.0,,1.0,202235111509
2022-11-15,盛岡,9,9,アブシンス,47.0577743547892,5.0,,1.0,202235111509
2022-11-15,盛岡,9,4,アスカダイヤモンド,45.82197259815297,6.0,,1.0,202235111509
2022-11-15,盛岡,9,7,エムワンハルコ,45.522880718080835,7.0,,1.0,202235111509
2022-11-15,盛岡,9,2,ライチェフェイス,44.79059667907286,8.0,,1.0,202235111509
2022-11-15,盛岡,9,1,スワンダフル,40.85320146333243,9.0,,1.0,202235111509
2022-11-15,盛岡,9,3,ダンストンレガーメ,40.15732107595683,10.0,,1.0,202235111509
2022-11-15,盛岡,10,6,ハニーコーン,69.38307370540579,1.0,,2.0,202235111510
2022-11-15,盛岡,10,7,アレクサンドロス,59.14960242306968,2.0,,2.0,202235111510
2022-11-15,盛岡,10,4,キセキノカガヤキ,58.01073910234906,3.0,,2.0,202235111510
2022-11-15,盛岡,10,10,ヘネラリーフェ,51.9429274811056,4.0,,2.0,202235111510
2022-11-15,盛岡,10,11,ブルーノバローズ,50.640823888554216,5.0,,2.0,202235111510
2022-11-15,盛岡,10,1,トキノワンカラット,48.9734874184285,6.0,,2.0,202235111510
2022-11-15,盛岡,10,2,ミスティカル,47.621781133742246,7.0,,2.0,202235111510
2022-11-15,盛岡,10,8,パンプイットアップ,44.99617941960005,8.0,,2.0,202235111510
2022-11-15,盛岡,10,3,ヒドゥンジェム,42.03155927507164,9.0,,2.0,202235111510
2022-11-15,盛岡,10,5,ホワットエヴァー,40.17379389870113,10.0,,2.0,202235111510
2022-11-15,盛岡,10,9,エムワンピーコ,37.0760322539717,11.0,,2.0,202235111510
2022-11-15,盛岡,11,8,ブローヴェイス,67.53752993379192,1.0,,3.0,202235111511
2022-11-15,盛岡,11,7,セイキングダム,66.1917755549319,2.0,,3.0,202235111511
2022-11-15,盛岡,11,5,ブラックバゴ,53.064079770969485,3.0,,3.0,202235111511
2022-11-15,盛岡,11,9,ベストフィーチャー,50.53050258402983,4.0,,3.0,202235111511
2022-11-15,盛岡,11,2,ディーエスプルーフ,47.46351924425838,5.0,,3.0,202235111511
2022-11-15,盛岡,11,10,ラヴィエント,47.362054933922295,6.0,,3.0,202235111511
2022-11-15,盛岡,11,4,ソルメンシス,45.460444517580314,7.0,,3.0,202235111511
2022-11-15,盛岡,11,3,ナイトフォックス,41.40368458950846,8.0,,3.0,202235111511
2022-11-15,盛岡,11,6,バーントシェンナ,41.01550839124442,9.0,,3.0,202235111511
2022-11-15,盛岡,11,1,クレイジーエックス,39.97090047976363,10.0,,3.0,202235111511
2022-11-15,大井,1,14,ゴールデンナイト,69.41764982421478,1.0,,2.0,202244111501
2022-11-15,大井,1,8,パワフルヴォイス,63.14482568691312,2.0,,2.0,202244111501
2022-11-15,大井,1,6,リュクスエンヴィ,57.99553514603301,3.0,,2.0,202244111501
2022-11-15,大井,1,9,モリデンカイドウ,53.390001773362826,4.0,,2.0,202244111501
2022-11-15,大井,1,13,ドリームポルックス,52.1793501843404,5.0,,2.0,202244111501
2022-11-15,大井,1,2,ブーケブランシェ,50.9765436520499,6.0,,2.0,202244111501
2022-11-15,大井,1,7,ヤマトディオーサ,48.95366203673572,7.0,,2.0,202244111501
2022-11-15,大井,1,12,ワンモアデイ,48.537001108587276,8.0,,2.0,202244111501
2022-11-15,大井,1,5,メジャーセブンス,47.98448350472974,9.0,,2.0,202244111501
2022-11-15,大井,1,4,サムライランナー,47.54200446144149,10.0,,2.0,202244111501
2022-11-15,大井,1,3,ヤマタノオロチ,43.90119867424035,11.0,,2.0,202244111501
2022-11-15,大井,1,11,ジニアズウィッシュ,42.13274418663669,12.0,,2.0,202244111501
2022-11-15,大井,1,1,サウザンマイルズ,40.031849976293415,13.0,,2.0,202244111501
2022-11-15,大井,1,10,ウォータークレスト,33.81314978442058,14.0,,2.0,202244111501
2022-11-15,大井,2,11,アルマザッハーク,68.48943315472553,1.0,,4.0,202244111502
2022-11-15,大井,2,7,オンヴァガニエ,63.124513561579334,2.0,,4.0,202244111502
2022-11-15,大井,2,14,モチヅキノコロ,60.44043460915279,3.0,,4.0,202244111502
2022-11-15,大井,2,15,ハルノマリーナ,55.80134930366013,4.0,,4.0,202244111502
2022-11-15,大井,2,3,ウラカン,54.63292872820152,5.0,,4.0,202244111502
2022-11-15,大井,2,16,マイネルビーラヴド,53.887083992942884,6.0,,4.0,202244111502
2022-11-15,大井,2,6,リンケージ,53.020358018397935,7.0,,4.0,202244111502
2022-11-15,大井,2,8,ニュードロップオフ,49.61361686371531,8.0,,4.0,202244111502
2022-11-15,大井,2,2,ファシナンテ,47.159506693711386,9.0,,4.0,202244111502
2022-11-15,大井,2,1,ラブアバンティ,46.76462458716369,10.0,,4.0,202244111502
2022-11-15,大井,2,13,テセウスフォンテン,45.153537860848154,11.0,,4.0,202244111502
2022-11-15,大井,2,10,マリーナフレイバー,45.09684126034129,12.0,,4.0,202244111502
2022-11-15,大井,2,5,セナッキー,43.9195703800014,13.0,,4.0,202244111502
2022-11-15,大井,2,4,ロマンエクスプレス,40.77918404365988,14.0,,4.0,202244111502
2022-11-15,大井,2,12,イチゴショート,39.039802545251014,15.0,,4.0,202244111502
2022-11-15,大井,2,9,スモモモモモモモモ,33.07721439664782,16.0,,4.0,202244111502
2022-11-15,大井,7,12,ブラックオパール,74.10053222134167,1.0,,1.0,202244111507
2022-11-15,大井,7,5,フェニックスループ,57.85652743141852,2.0,,1.0,202244111507
2022-11-15,大井,7,4,ブラックバローズ,55.861631642418814,3.0,,1.0,202244111507
2022-11-15,大井,7,1,ネオアンビシャス,53.51509505451163,4.0,,1.0,202244111507
2022-11-15,大井,7,10,コハク,51.73863647083298,5.0,,1.0,202244111507
2022-11-15,大井,7,6,ネオアンコーラ,50.812369489650806,6.0,,1.0,202244111507
2022-11-15,大井,7,8,グリザマリア,50.62620953034035,7.0,,1.0,202244111507
2022-11-15,大井,7,9,エドノテーラー,50.43858403645251,8.0,,1.0,202244111507
2022-11-15,大井,7,2,ゴッドモード,48.79579533985728,9.0,,1.0,202244111507
2022-11-15,大井,7,14,オラフ,47.731707690142116,10.0,,1.0,202244111507
2022-11-15,大井,7,7,オーシャンスケイプ,45.69167201571068,11.0,,1.0,202244111507
2022-11-15,大井,7,3,アンジーニョ,38.630977395729474,12.0,,1.0,202244111507
2022-11-15,大井,7,13,チアリング,38.21726491910088,13.0,,1.0,202244111507
2022-11-15,大井,7,11,サカベンクイーン,35.982996762491545,14.0,,1.0,202244111507
2022-11-15,大井,8,10,ブレイブジャンヌ,68.97947262459151,1.0,,3.0,202244111508
2022-11-15,大井,8,8,ナイスブロンディ,68.60696843505019,2.0,,3.0,202244111508
2022-11-15,大井,8,12,スカーレットハニー,56.09248400125311,3.0,,3.0,202244111508
2022-11-15,大井,8,11,トーセンジンライム,55.500148248269625,4.0,,3.0,202244111508
2022-11-15,大井,8,14,サツキジャスミン,50.63769986968897,5.0,,3.0,202244111508
2022-11-15,大井,8,15,ロイヤルエピック,50.55201087318635,6.0,,3.0,202244111508
2022-11-15,大井,8,9,ジョイフルラブ,50.33880955943714,7.0,,3.0,202244111508
2022-11-15,大井,8,2,サンタンデール,50.306504410743656,8.0,,3.0,202244111508
2022-11-15,大井,8,7,フレンチバローズ,50.181702407354535,9.0,,3.0,202244111508
2022-11-15,大井,8,13,ウインアイリーン,46.49345202379331,10.0,,3.0,202244111508
2022-11-15,大井,8,4,ミスティファイ,46.27285769644025,11.0,,3.0,202244111508
2022-11-15,大井,8,16,ロデオスターメイト,46.18492390191776,12.0,,3.0,202244111508
2022-11-15,大井,8,6,ギャンブルレディ,44.12375805196591,13.0,,3.0,202244111508
2022-11-15,大井,8,5,オルトディアナ,39.146645916461104,14.0,,3.0,202244111508
2022-11-15,大井,8,3,チュートリス,38.80526797196704,15.0,,3.0,202244111508
2022-11-15,大井,8,1,ミラキュラスパワー,37.77729400787929,16.0,,3.0,202244111508
2022-11-15,大井,10,9,ハデスブレイン,66.53306879107203,1.0,,5.0,202244111510
2022-11-15,大井,10,3,ブルースカイラニ,65.631973954545,2.0,,5.0,202244111510
2022-11-15,大井,10,2,スイングステート,61.123038430186824,3.0,,5.0,202244111510
2022-11-15,大井,10,1,オンストロン,59.877038254952325,4.0,,5.0,202244111510
2022-11-15,大井,10,8,ラリュヌブランシュ,58.988743279345925,5.0,,5.0,202244111510
2022-11-15,大井,10,4,イーサンタイガー,49.38362151954834,6.0,,5.0,202244111510
2022-11-15,大井,10,13,クールマニワ,47.865651286127246,7.0,,5.0,202244111510
2022-11-15,大井,10,6,ジーガーオーシャン,47.445902770086136,8.0,,5.0,202244111510
2022-11-15,大井,10,12,イケノギャルチャン,44.35545201601492,9.0,,5.0,202244111510
2022-11-15,大井,10,5,クラッチシュート,42.78193474975944,10.0,,5.0,202244111510
2022-11-15,大井,10,7,ハーモニカ,42.51671924275699,11.0,,5.0,202244111510
2022-11-15,大井,10,14,ヴァーグエスタード,41.93373040634182,12.0,,5.0,202244111510
2022-11-15,大井,10,11,イントゥザワールド,41.83418040267078,13.0,,5.0,202244111510
2022-11-15,大井,10,15,ミンナノブンモ,40.38562485610505,14.0,,5.0,202244111510
2022-11-15,大井,10,10,サヨノイチバン,39.34332004048623,15.0,,5.0,202244111510
2022-11-15,大井,11,11,セルフメイド,64.04959565978471,1.0,,7.0,202244111511
2022-11-15,大井,11,1,ノーブルノヴァ,59.454612820599976,2.0,,7.0,202244111511
2022-11-15,大井,11,3,ミラコロカナーレ,54.78375593123067,3.0,,7.0,202244111511
2022-11-15,大井,11,8,ジーガーロンシャン,53.66124903208178,4.0,,7.0,202244111511
2022-11-15,大井,11,10,フォルトゥーレ,53.36004258348544,5.0,,7.0,202244111511
2022-11-15,大井,11,6,モズダッシュスター,52.99667818598917,6.0,,7.0,202244111511
2022-11-15,大井,11,9,ラプラス,48.716556387791414,7.0,,7.0,202244111511
2022-11-15,大井,11,7,レコンキスタ,45.8896932685551,8.0,,7.0,202244111511
2022-11-15,大井,11,5,ファイヤーテーラー,43.017945693020735,9.0,,7.0,202244111511
2022-11-15,大井,11,2,ツウカイウイング,39.429151154987395,10.0,,7.0,202244111511
2022-11-15,大井,11,4,ストームガスト,34.64071928247343,11.0,,7.0,202244111511
2022-11-15,大井,12,3,ハローキャンディ,66.32429151570659,1.0,,6.0,202244111512
2022-11-15,大井,12,11,パワースレイヴ,58.56652311388281,2.0,,6.0,202244111512
2022-11-15,大井,12,8,レディーアーサー,57.774512753594244,3.0,,6.0,202244111512
2022-11-15,大井,12,13,カリスマサンヒカル,56.353413628749884,4.0,,6.0,202244111512
2022-11-15,大井,12,12,カンパリフレイバー,55.42784912126193,5.0,,6.0,202244111512
2022-11-15,大井,12,2,カラースキーム,54.8957342026398,6.0,,6.0,202244111512
2022-11-15,大井,12,4,ラテリシウス,48.62525858198055,7.0,,6.0,202244111512
2022-11-15,大井,12,5,シザーハンズ,48.449706022764545,8.0,,6.0,202244111512
2022-11-15,大井,12,6,ブルーアワー,47.526523220610954,9.0,,6.0,202244111512
2022-11-15,大井,12,10,レディグレイ,46.67218378706029,10.0,,6.0,202244111512
2022-11-15,大井,12,1,スイートアリエス,39.83713111747804,11.0,,6.0,202244111512
2022-11-15,大井,12,7,エスケイエンジェル,35.06661561159461,12.0,,6.0,202244111512
2022-11-15,大井,12,9,ティーズアレディー,34.48025732267587,13.0,,6.0,202244111512
2022-11-15,金沢,2,10,パールアゲイン,73.77509980466934,1.0,,2.0,202246111502
2022-11-15,金沢,2,2,エコロマリン,55.235626836449214,2.0,,2.0,202246111502
2022-11-15,金沢,2,6,ビナプリンセス,52.042015076802905,3.0,,2.0,202246111502
2022-11-15,金沢,2,1,スクリーニング,51.29769979326644,4.0,,2.0,202246111502
2022-11-15,金沢,2,8,テキーラサンライズ,49.37090526188655,5.0,,2.0,202246111502
2022-11-15,金沢,2,3,サリーチャン,48.012427769507,6.0,,2.0,202246111502
2022-11-15,金沢,2,9,カトリーヌエミュー,47.63639628239934,7.0,,2.0,202246111502
2022-11-15,金沢,2,7,ハクサンルピナス,46.19929474324357,8.0,,2.0,202246111502
2022-11-15,金沢,2,11,カトリーヌアエラス,45.367891888315896,9.0,,2.0,202246111502
2022-11-15,金沢,2,5,サンダルース,42.98707193306546,10.0,,2.0,202246111502
2022-11-15,金沢,2,4,オンタケサン,38.07557061039523,11.0,,2.0,202246111502
2022-11-15,金沢,3,4,ペップセ,67.9385815375365,1.0,,7.0,202246111503
2022-11-15,金沢,3,10,ユイガハマビーチ,62.683492423281464,2.0,,7.0,202246111503
2022-11-15,金沢,3,5,ティアン,54.27999108739497,3.0,,7.0,202246111503
2022-11-15,金沢,3,2,ウワサノモネ,53.55958231509801,4.0,,7.0,202246111503
2022-11-15,金沢,3,9,ティンドラ,48.62704836680366,5.0,,7.0,202246111503
2022-11-15,金沢,3,3,ウインドメイヒメ,48.399609882369774,6.0,,7.0,202246111503
2022-11-15,金沢,3,6,キタシャーデー,44.86960249322091,7.0,,7.0,202246111503
2022-11-15,金沢,3,1,オレンジムスメ,41.86140958271496,8.0,,7.0,202246111503
2022-11-15,金沢,3,8,ソアソア,38.995501867962076,9.0,,7.0,202246111503
2022-11-15,金沢,3,7,アップチェリー,38.78518044361752,10.0,,7.0,202246111503
2022-11-15,金沢,4,6,ベストオーシャン,68.3685358239747,1.0,,5.0,202246111504
2022-11-15,金沢,4,9,エイシンメリダ,59.64283138555318,2.0,,5.0,202246111504
2022-11-15,金沢,4,2,エクメディノキセキ,56.38284164740415,3.0,,5.0,202246111504
2022-11-15,金沢,4,4,エイシンペリドット,51.24959318364915,4.0,,5.0,202246111504
2022-11-15,金沢,4,5,リュウノファントム,49.39194313233964,5.0,,5.0,202246111504
2022-11-15,金沢,4,10,オパールリング,48.92951795379116,6.0,,5.0,202246111504
2022-11-15,金沢,4,1,ラプタマーベリック,48.22272787529742,7.0,,5.0,202246111504
2022-11-15,金沢,4,8,カネトシロワン,40.09135828040145,8.0,,5.0,202246111504
2022-11-15,金沢,4,3,ワンキーロケット,39.43819874159894,9.0,,5.0,202246111504
2022-11-15,金沢,4,7,ロマンチックボーイ,38.28245197599068,10.0,,5.0,202246111504
2022-11-15,金沢,5,2,サクラオーラ,73.50701832841122,1.0,,3.0,202246111505
2022-11-15,金沢,5,10,リヴァージュ,56.621632240427836,2.0,,3.0,202246111505
2022-11-15,金沢,5,3,エクメディダイヤ,55.64943820393299,3.0,,3.0,202246111505
2022-11-15,金沢,5,1,ミハルプリンセス,51.243881740235885,4.0,,3.0,202246111505
2022-11-15,金沢,5,7,スイートティアラ,50.976930107415285,5.0,,3.0,202246111505
2022-11-15,金沢,5,4,タキトゥス,48.69832900868351,6.0,,3.0,202246111505
2022-11-15,金沢,5,6,アンクルテイオウ,46.09577768092683,7.0,,3.0,202246111505
2022-11-15,金沢,5,5,カンノンアラシ,43.87219403364092,8.0,,3.0,202246111505
2022-11-15,金沢,5,8,サンデッドウッド,43.29570660392035,9.0,,3.0,202246111505
2022-11-15,金沢,5,11,フクノレジーナ,40.05727324777878,10.0,,3.0,202246111505
2022-11-15,金沢,5,9,シェーンシュタット,39.98181880462646,11.0,,3.0,202246111505
2022-11-15,金沢,6,4,エムオージェネラル,68.27884517401594,1.0,,6.0,202246111506
2022-11-15,金沢,6,8,ビックバンブー,55.66349016200719,2.0,,6.0,202246111506
2022-11-15,金沢,6,3,ナックホリデー,55.606635220533406,3.0,,6.0,202246111506
2022-11-15,金沢,6,6,ケイパブル,48.15430137002224,4.0,,6.0,202246111506
2022-11-15,金沢,6,7,エムザックローバー,47.14922407988756,5.0,,6.0,202246111506
2022-11-15,金沢,6,5,モズアンカー,46.22575906605009,6.0,,6.0,202246111506
2022-11-15,金沢,6,2,レーブドフェイス,42.64982126533677,7.0,,6.0,202246111506
2022-11-15,金沢,6,1,マリンビッグボス,36.271923662147,8.0,,6.0,202246111506
2022-11-15,金沢,7,10,デルマゴモリー,76.42116795101796,1.0,,1.0,202246111507
2022-11-15,金沢,7,9,マイネルリボーン,52.22388890842632,2.0,,1.0,202246111507
2022-11-15,金沢,7,6,シュペルブ,52.19144024132821,3.0,,1.0,202246111507
2022-11-15,金沢,7,11,アピーリングライフ,52.11259259334608,4.0,,1.0,202246111507
2022-11-15,金沢,7,2,デルマエトワール,49.18973605016374,5.0,,1.0,202246111507
2022-11-15,金沢,7,5,ターンバック,47.73721431679035,6.0,,1.0,202246111507
2022-11-15,金沢,7,8,ヒロノホマレボシ,47.47228095209743,7.0,,1.0,202246111507
2022-11-15,金沢,7,3,アウリイ,45.909706808890704,8.0,,1.0,202246111507
2022-11-15,金沢,7,4,ピースゼール,44.90380783652421,9.0,,1.0,202246111507
2022-11-15,金沢,7,1,スワッグレコード,42.082119090313974,10.0,,1.0,202246111507
2022-11-15,金沢,7,7,カトリーヌボヌール,39.75604525110097,11.0,,1.0,202246111507
2022-11-15,金沢,8,10,ナックメジャー,65.79063983236603,1.0,,10.0,202246111508
2022-11-15,金沢,8,4,スマートアクシオン,62.13316363689562,2.0,,10.0,202246111508
2022-11-15,金沢,8,5,ヤイバ,56.221584072396624,3.0,,10.0,202246111508
2022-11-15,金沢,8,7,エイシンバビロン,53.24236276286338,4.0,,10.0,202246111508
2022-11-15,金沢,8,12,ベッペ,51.40614315963451,5.0,,10.0,202246111508
2022-11-15,金沢,8,9,カカンクオン,49.89468675047734,6.0,,10.0,202246111508
2022-11-15,金沢,8,6,フェイスタロー,49.47956769753097,7.0,,10.0,202246111508
2022-11-15,金沢,8,1,トレボウソレイユ,48.650327911394214,8.0,,10.0,202246111508
2022-11-15,金沢,8,2,リードザウイニング,47.006766525786816,9.0,,10.0,202246111508
2022-11-15,金沢,8,11,ブラストワンダー,46.498658741112166,10.0,,10.0,202246111508
2022-11-15,金沢,8,8,ケイティヒマワリ,39.351518005847865,11.0,,10.0,202246111508
2022-11-15,金沢,8,3,ノブリーデイ,30.324580903693974,12.0,,10.0,202246111508
2022-11-15,金沢,9,7,スカイ,68.89071538859191,1.0,,4.0,202246111509
2022-11-15,金沢,9,1,メイショウナガヨリ,57.442181046436914,2.0,,4.0,202246111509
2022-11-15,金沢,9,8,ライムワード,55.73537430448282,3.0,,4.0,202246111509
2022-11-15,金沢,9,5,スマッシュパワー,50.717119393664206,4.0,,4.0,202246111509
2022-11-15,金沢,9,2,マラムレシュ,48.73353708795194,5.0,,4.0,202246111509
2022-11-15,金沢,9,6,ドウディ,42.92075137363329,6.0,,4.0,202246111509
2022-11-15,金沢,9,3,エイシンヒスイ,42.64870801476522,7.0,,4.0,202246111509
2022-11-15,金沢,9,9,フィリーズラン,41.942850721408014,8.0,,4.0,202246111509
2022-11-15,金沢,9,4,セイカアーナンダイ,40.96876266906544,9.0,,4.0,202246111509
2022-11-15,金沢,10,11,ハクサンメモリー,66.25362479705925,1.0,,8.0,202246111510
2022-11-15,金沢,10,5,ジャンヌサンライズ,58.78588493858611,2.0,,8.0,202246111510
2022-11-15,金沢,10,2,パーシスト,57.17252330940738,3.0,,8.0,202246111510
2022-11-15,金沢,10,6,ブレリア,56.40193909015787,4.0,,8.0,202246111510
2022-11-15,金沢,10,4,グローリアステラ,54.00904206521718,5.0,,8.0,202246111510
2022-11-15,金沢,10,8,カニフ,47.31577640550418,6.0,,8.0,202246111510
2022-11-15,金沢,10,3,フリューリング,46.79813657749678,7.0,,8.0,202246111510
2022-11-15,金沢,10,7,ケンブリッジカナデ,43.242157566376974,8.0,,8.0,202246111510
2022-11-15,金沢,10,1,アイスムーン,42.699620468363854,9.0,,8.0,202246111510
2022-11-15,金沢,10,10,イッツアワターン,41.273866650432865,10.0,,8.0,202246111510
2022-11-15,金沢,10,9,ウェルビーイング,36.04742813139755,11.0,,8.0,202246111510
2022-11-15,金沢,11,12,ミュージアムピース,66.13142124277692,1.0,,9.0,202246111511
2022-11-15,金沢,11,4,ヤマカツレオン,64.62620879694146,2.0,,9.0,202246111511
2022-11-15,金沢,11,6,セブンパワー,56.81634386362732,3.0,,9.0,202246111511
2022-11-15,金沢,11,8,スピリットサント,54.224193727568604,4.0,,9.0,202246111511
2022-11-15,金沢,11,5,マノンルージュ,52.667357828580904,5.0,,9.0,202246111511
2022-11-15,金沢,11,3,オーミシンゲン,51.17932183107921,6.0,,9.0,202246111511
2022-11-15,金沢,11,7,ダレモカレモ,47.72905864519793,7.0,,9.0,202246111511
2022-11-15,金沢,11,11,ダージリンクーラー,44.069492481601046,8.0,,9.0,202246111511
2022-11-15,金沢,11,9,ガニアン,43.81101409216939,9.0,,9.0,202246111511
2022-11-15,金沢,11,10,ステイグリーン,40.630388098359504,10.0,,9.0,202246111511
2022-11-15,金沢,11,1,ストーミーバローズ,39.370578821340075,11.0,,9.0,202246111511
2022-11-15,金沢,11,2,ハクサンマズル,38.74462057075759,12.0,,9.0,202246111511
